time,open,high,low,close,Volume,RSI,RSI-based MA,Regular Bullish,Regular Bullish Label,Regular Bearish,Regular Bearish Label,Plot
2026-01-12T12:30:00+10:00,25740.5,25756,25740.5,25751.5,780,37.362129644166075,31.162655131659506,,,,,
2026-01-12T12:35:00+10:00,25751.5,25758,25750,25753.5,362,38.380741572030395,32.49944927454926,,,,,
2026-01-12T12:40:00+10:00,25753.75,25759.25,25753.25,25755,296,39.17959486423132,34.12101805974202,,,,,
2026-01-12T12:45:00+10:00,25754.75,25760.25,25753,25757.75,509,40.69751721631245,35.376796831948354,,,,,
2026-01-12T12:50:00+10:00,25758.5,25764.25,25740,25748,662,37.15677085971613,35.53994860442781,,,,,
2026-01-12T12:55:00+10:00,25747.75,25750,25740.25,25748,515,37.15677085971613,35.43517313207842,,,,,
2026-01-12T13:00:00+10:00,25748.25,25749.5,25738,25743.75,432,35.59137096718334,35.3104813055811,,,,,
2026-01-12T13:05:00+10:00,25744,25753.25,25741.75,25744.25,328,35.93333874403989,35.06270694826815,,,,,
2026-01-12T13:10:00+10:00,25745.25,25745.75,25740.25,25745,213,36.47814270963971,35.21176388579031,,,,,
2026-01-12T13:15:00+10:00,25744.75,25752.5,25740.5,25751.5,326,41.14902185364606,35.785816635428446,,,,,
2026-01-12T13:20:00+10:00,25751.5,25752,25742.5,25748.5,236,39.69812022992924,36.39410087024259,,,,,
2026-01-12T13:25:00+10:00,25748.5,25748.5,25742.75,25745.25,336,38.12960914004944,37.02554243112045,,,,,
2026-01-12T13:30:00+10:00,25745.25,25753.25,25745,25750.25,526,41.93092440961554,37.928506511253026,,,,,
2026-01-12T13:35:00+10:00,25749.5,25752.75,25740.25,25749.25,448,41.38329000554294,38.587667362558484,,,,,
2026-01-12T13:40:00+10:00,25749,25750.5,25742,25746,196,39.5742944008476,38.74567913089288,,,,,
2026-01-12T13:45:00+10:00,25745.75,25747,25710.25,25726.75,2007,30.94562527760418,38.21459939557672,,,,,
2026-01-12T13:50:00+10:00,25727.5,25735.25,25722.5,25733.5,408,36.19874813639974,38.001681772160175,,,,,
2026-01-12T13:55:00+10:00,25733.75,25739.75,25732.75,25737.75,324,39.32830145459879,37.903880646323486,,,,,
2026-01-12T14:00:00+10:00,25738.25,25739.5,25725,25730.25,351,35.974728938068694,37.81944908049153,,,,,
2026-01-12T14:05:00+10:00,25728,25732,25723,25730.5,312,36.17011339551004,37.748973547333954,,,,,
2026-01-12T14:10:00+10:00,25730.75,25730.75,25718,25725,303,33.731297596141076,37.616111163688075,,,,,
2026-01-12T14:15:00+10:00,25724.75,25727.75,25715,25724.75,360,33.62033078288657,37.45089630931998,,,,,
2026-01-12T14:20:00+10:00,25725,25728,25722.75,25724.25,138,33.38378764476822,37.22987094754344,,,,,
2026-01-12T14:25:00+10:00,25724.5,25731.25,25722.75,25728.75,208,37.63650033811196,36.97897655357672,,,,,
2026-01-12T14:30:00+10:00,25728.25,25737.25,25723.75,25737.25,361,44.804250185287074,37.343700121816575,,,,,
2026-01-12T14:35:00+10:00,25736.75,25738,25728.25,25733.75,309,42.6314667649394,37.66526138073728,,,,,
2026-01-12T14:40:00+10:00,25733,25737.25,25728.75,25729,191,39.809850073972484,37.51375607104849,,,,,
2026-01-12T14:45:00+10:00,25729.25,25732.75,25726.5,25732.25,150,42.60875300234613,37.60128914224872,,,,,
2026-01-12T14:50:00+10:00,25731.75,25732.75,25722.5,25729.5,207,40.876657615530625,37.694315086154646,,,,,
2026-01-12T14:55:00+10:00,25729,25730.25,25723,25727,146,39.31210117099348,38.29192050711102,,,,,
2026-01-12T15:00:00+10:00,25727,25728.5,25721.5,25728,190,40.296475998263396,38.584615354387,,,,,
2026-01-12T15:05:00+10:00,25728,25734,25726.25,25733.25,269,45.31176846960504,39.012005855458874,,,,,
2026-01-12T15:10:00+10:00,25733,25742.5,25720,25720,491,36.88932246843731,39.077333964770915,,,,,
2026-01-12T15:15:00+10:00,25720,25721,25711.25,25718.5,696,36.07188208416377,39.0703174425319,,,,,
2026-01-12T15:20:00+10:00,25718.25,25722.5,25712.5,25714.25,222,33.787376438989625,39.07432307416394,,,,,
2026-01-12T15:25:00+10:00,25713.25,25713.5,25693.25,25702.75,946,28.52335515965889,38.71025338679054,,,,,
2026-01-12T15:30:00+10:00,25702.25,25702.25,25687.75,25693.5,1012,25.131686798212314,38.12081761203655,,,,,
2026-01-12T15:35:00+10:00,25693.5,25696.5,25689,25689,228,23.657868805812484,37.122343931158014,,,,,
2026-01-12T15:40:00+10:00,25689.75,25693.75,25686.25,25688.25,276,23.41144432182638,35.59428636948225,,,,,
2026-01-12T15:45:00+10:00,25689,25692.5,25676.25,25680.75,904,21.05015981544149,34.05276444451811,,,,,
2026-01-12T15:50:00+10:00,25680,25697,25679,25696.25,780,35.5237153583829,33.74661196483314,,,,,
2026-01-12T15:55:00+10:00,25696.5,25700.25,25695,25698.75,345,37.5134871053372,33.38266440076107,,,,,
2026-01-12T16:00:00+10:00,25699.75,25711,25696.75,25708.75,442,44.845584381926926,33.66615916978938,,,,,
2026-01-12T16:05:00+10:00,25708,25718.75,25707.5,25717,345,50.052649583454006,34.43334119925085,,,,,
2026-01-12T16:10:00+10:00,25718,25726,25715.25,25717.75,370,50.510076283685784,35.16288407678102,,,,,
2026-01-12T16:15:00+10:00,25717.75,25718,25707,25707.25,216,44.38194443771065,35.096468074502845,,,,,
2026-01-12T16:20:00+10:00,25707.25,25710.75,25698,25710.5,420,46.54380110040583,35.786073691072026,,,,,
2026-01-12T16:25:00+10:00,25710,25718.75,25708.5,25711,299,46.885853489325086,36.55850022001213,,,,,
2026-01-12T16:30:00+10:00,25710.25,25715.75,25705.75,25705.75,292,43.722324766229754,37.26813938624356,,,,,
2026-01-12T16:35:00+10:00,25705.75,25715.25,25705.5,25707.25,190,44.86693785851196,38.43553815044736,,,,,
2026-01-12T16:40:00+10:00,25706.25,25716.5,25705.75,25713.5,155,49.477762232300584,40.17454353859652,,,,,
2026-01-12T16:45:00+10:00,25713.75,25720.5,25713.5,25718.5,186,52.87329708842134,42.26135984449714,,,,,
2026-01-12T16:50:00+10:00,25719.75,25721.5,25712.5,25713,159,48.974147740515626,44.08726723154638,,,,,
2026-01-12T16:55:00+10:00,25713,25720.25,25711.5,25716.75,124,51.59519707174208,46.26905560699642,,,,,
2026-01-12T17:00:00+10:00,25718,25732.5,25715.75,25729.75,428,59.38412235402051,47.973370392399104,,,,,
2026-01-12T17:05:00+10:00,25729.5,25740,25726.5,25736.75,526,62.85054051821481,49.783159921890366,,,,,
2026-01-12T17:10:00+10:00,25738.25,25746.25,25729.25,25735,631,61.43880747761741,50.96839014301111,,,,,
2026-01-12T17:15:00+10:00,25736,25737.5,25724.5,25725,286,53.97768073989897,51.24874951132862,,,,,
2026-01-12T17:20:00+10:00,25724.5,25732.25,25724.5,25730.5,213,57.06592155206021,51.717024173355355,,,,,
2026-01-12T17:25:00+10:00,25728.5,25739.75,25727.75,25733.5,515,58.69408554872844,52.73931996699948,,,,,
2026-01-12T17:30:00+10:00,25733.5,25733.75,25723.75,25726.75,236,53.75463001610168,53.25437917526347,,,,,
2026-01-12T17:35:00+10:00,25727,25735,25724.5,25727.5,299,54.215675449511686,53.77793788670538,,,,,
2026-01-12T17:40:00+10:00,25728,25734.5,25726.5,25728,171,54.5410535035846,54.55070422508787,,,,,
2026-01-12T17:45:00+10:00,25726.5,25736,25723.25,25732.25,230,57.317713670206096,55.44004535449459,,,,,
2026-01-12T17:50:00+10:00,25732.25,25733.5,25726,25728.75,167,54.37230921783155,55.78965585346109,,,,,
2026-01-12T17:55:00+10:00,25727.75,25735.25,25724.5,25731.5,374,56.27360249145416,56.03253481082057,,,,,
2026-01-12T18:00:00+10:00,25731.75,25750,25726.5,25742.25,1078,62.799367103509915,57.02005047960588,,,,,
2026-01-12T18:05:00+10:00,25742.5,25749.75,25736.25,25738.25,730,59.25569128206937,57.5672286374864,,,,,
2026-01-12T18:10:00+10:00,25738.75,25743,25715.5,25716,1080,44.28581870486333,56.48877837683232,,,,,
2026-01-12T18:15:00+10:00,25716,25722.5,25689,25692,1315,34.23816917830928,54.44503756683907,,,,,
2026-01-12T18:20:00+10:00,25690.25,25691.75,25659.25,25674.25,2318,28.99805787779472,52.12784116685174,,,,,
2026-01-12T18:25:00+10:00,25674.5,25688.25,25668.25,25676.75,1156,30.60892576337389,50.45864438281423,,,,,
2026-01-12T18:30:00+10:00,25677,25677.25,25643.5,25660.75,1849,26.46982975067276,48.273209254143694,,,,,
2026-01-12T18:35:00+10:00,25660.25,25664.25,25637.5,25638.25,860,21.970527957722453,45.650097997643265,,,,,
2026-01-12T18:40:00+10:00,25638.5,25653,25632.75,25652,1103,29.82116655125182,43.94056489301113,,,,,
2026-01-12T18:45:00+10:00,25650,25658.75,25641.5,25644.75,919,28.209547375371386,42.08298431628682,,,,,
2026-01-12T18:50:00+10:00,25644.25,25667.5,25639,25664,816,37.81850672063725,40.88851668893344,,,,,
2026-01-12T18:55:00+10:00,25663.25,25673.5,25660,25660.5,502,36.85267671041603,39.42672833466272,,,,,
2026-01-12T19:00:00+10:00,25660,25682.75,25660,25679.5,1309,45.05595078210182,38.76127416068203,,,,,
2026-01-12T19:05:00+10:00,25680.25,25695.25,25677,25694,765,50.35620095565896,38.33860262241094,,,,,
2026-01-12T19:10:00+10:00,25694.5,25700.5,25683.75,25695.75,734,50.97093050162302,37.493714293704734,,,,,
2026-01-12T19:15:00+10:00,25696.25,25701,25685.25,25695.25,507,50.77746358030438,36.88812660072152,,,,,
2026-01-12T19:20:00+10:00,25696.25,25696.25,25671.75,25676,733,43.87304175000004,36.858642532517,,,,,
2026-01-12T19:25:00+10:00,25677.5,25682.75,25673,25679.5,517,45.32862909681419,37.65081824098163,,,,,
2026-01-12T19:30:00+10:00,25679.75,25682.75,25666,25672,598,42.76901821217486,38.634458264865934,,,,,
2026-01-12T19:35:00+10:00,25672,25678,25667.75,25674,266,43.682289430050574,39.568269955342835,,,,,
2026-01-12T19:40:00+10:00,25673.75,25684.75,25668.75,25676.5,496,44.86663321418768,40.88232734559391,,,,,
2026-01-12T19:45:00+10:00,25675.5,25686.5,25675.5,25681.75,382,47.369700989011825,42.696553990686006,,,,,
2026-01-12T19:50:00+10:00,25682.75,25698,25676.25,25698,726,54.28755359373399,44.44415306514901,,,,,
2026-01-12T19:55:00+10:00,25698.75,25706.5,25690,25698,772,54.28755359373399,46.306867795032055,,,,,
2026-01-12T20:00:00+10:00,25698.5,25702.25,25687.75,25694.5,380,52.56175784840857,47.35995716130144,,,,,
2026-01-12T20:05:00+10:00,25696,25696.75,25690,25693.5,214,52.05260493842843,48.44566632044518,,,,,
2026-01-12T20:10:00+10:00,25691.75,25697.75,25687,25691.5,237,50.98878604180265,48.86944026756667,,,,,
2026-01-12T20:15:00+10:00,25691.5,25706.5,25686.25,25705.75,377,57.63272079672758,49.38919168478585,,,,,
2026-01-12T20:20:00+10:00,25706.5,25707,25689.5,25700.25,521,54.55856853014142,49.645451543965734,,,,,
2026-01-12T20:25:00+10:00,25699.75,25705.75,25694,25704.25,222,56.38084990557895,50.045693424342495,,,,,
2026-01-12T20:30:00+10:00,25705.25,25719,25705,25716.5,578,61.475985550946675,51.303046552981534,,,,,
2026-01-12T20:35:00+10:00,25716.25,25723,25711,25718.75,515,62.34598887245168,52.51857225124136,,,,,
2026-01-12T20:40:00+10:00,25718.25,25722.25,25715.25,25715.5,242,60.230120570545644,53.76579384826784,,,,,
2026-01-12T20:45:00+10:00,25716.25,25717.5,25710,25713.25,253,58.74375492611244,54.84161281227226,,,,,
2026-01-12T20:50:00+10:00,25712.75,25714,25708,25712.25,236,58.05798872275256,55.78385249145547,,,,,
2026-01-12T20:55:00+10:00,25712,25712.5,25702,25707.25,944,54.62434444789497,56.30204130994712,,,,,
2026-01-12T21:00:00+10:00,25707.5,25720.5,25705.25,25708.75,755,55.475095026152445,56.386865697977,,,,,
2026-01-12T21:05:00+10:00,25708.5,25719.75,25707.25,25713.75,276,58.282839065739076,56.67224323169165,,,,,
2026-01-12T21:10:00+10:00,25713.25,25733,25713,25728.5,984,65.24546006990249,57.578221961798356,,,,,
2026-01-12T21:15:00+10:00,25728.5,25731,25713.75,25714.75,496,55.88220403840497,57.85176475465382,,,,,
2026-01-12T21:20:00+10:00,25715,25722.25,25713.5,25721.5,491,58.993325122890454,58.4235175461601,,,,,
2026-01-12T21:25:00+10:00,25721,25722.5,25715.75,25718.75,201,57.22286436983193,58.394242087096124,,,,,
2026-01-12T21:30:00+10:00,25718.25,25718.5,25711,25715.5,223,55.11758862036485,58.43417209354065,,,,,
2026-01-12T21:35:00+10:00,25716,25723.25,25713,25715.25,197,54.95011387640774,58.33197666288556,,,,,
2026-01-12T21:40:00+10:00,25715.5,25721.5,25714.75,25716.5,234,55.675316627776695,57.917643168373424,,,,,
2026-01-12T21:45:00+10:00,25716.75,25724.5,25712.5,25717,274,55.980566066285796,57.46297011079014,,,,,
2026-01-12T21:50:00+10:00,25717,25718.5,25711.25,25716,406,55.16235247394716,57.10098667531882,,,,,
2026-01-12T21:55:00+10:00,25716.25,25719,25710,25718.75,289,57.022666448008096,56.97805178402565,,,,,
2026-01-12T22:00:00+10:00,25718.5,25732.5,25713.5,25731.25,544,64.27777526496445,57.4223222513265,,,,,
2026-01-12T22:05:00+10:00,25731.5,25741.75,25729,25729,780,62.24102224461176,57.9663706653777,,,,,
2026-01-12T22:10:00+10:00,25728.25,25741.5,25728.25,25733.25,909,64.52746757542454,58.612968704611426,,,,,
2026-01-12T22:15:00+10:00,25732.25,25739.5,25732.25,25733,383,64.28088736493888,59.04140072598284,,,,,
2026-01-12T22:20:00+10:00,25733.5,25739.5,25732.5,25736.25,234,66.09476661045281,59.10206547887929,,,,,
2026-01-12T22:25:00+10:00,25736,25736.75,25722.75,25729,690,58.90818028609444,59.31820663942854,,,,,
2026-01-12T22:30:00+10:00,25729,25747.75,25728.25,25745.75,959,67.65775944156661,59.937094805048275,,,,,
2026-01-12T22:35:00+10:00,25746,25747,25730.75,25733.75,794,58.111277952028665,60.000552918062326,,,,,
2026-01-12T22:40:00+10:00,25734.25,25745.75,25731.25,25743.25,648,62.609251757580644,60.53567171357774,,,,,
2026-01-12T22:45:00+10:00,25742.75,25747.25,25736.25,25746.75,681,64.13714764401723,61.191888411264124,,,,,
2026-01-12T22:50:00+10:00,25746.5,25759.25,25746.5,25757.75,1055,68.49452314285452,62.10754601948396,,,,,
2026-01-12T22:55:00+10:00,25758.5,25761.5,25748.75,25752.75,636,64.64943002523884,62.72675058798062,,,,,
2026-01-12T23:00:00+10:00,25752.5,25756,25745.75,25753.75,559,65.07175086287029,63.43456475861798,,,,,
2026-01-12T23:05:00+10:00,25754.25,25762,25728.5,25728.5,1137,49.11605823887124,62.86980702939392,,,,,
2026-01-12T23:10:00+10:00,25728.75,25745,25728.25,25731,1019,50.412516523732535,61.87943140502021,,,,,
2026-01-12T23:15:00+10:00,25731,25757.5,25730.5,25755,807,60.75110316179199,61.77300861339023,,,,,
2026-01-12T23:20:00+10:00,25755.25,25763,25741.25,25745.75,1125,55.9125698960618,61.15765877915003,,,,,
2026-01-12T23:25:00+10:00,25746.75,25756.5,25745,25754.5,609,59.22117738765819,60.796250923629984,,,,,
2026-01-12T23:30:00+10:00,25754,25755,25738.5,25749.75,717,56.732148507909294,60.12749248773402,,,,,
2026-01-12T23:35:00+10:00,25750.25,25753.75,25741.75,25751,491,57.241452324486346,60.00844049047629,,,,,
2026-01-12T23:40:00+10:00,25750.75,25754.75,25737,25744.5,967,53.70158693833353,59.01157102595965,,,,,
2026-01-12T23:45:00+10:00,25744.5,25748.25,25740.5,25742.5,560,52.62324851672771,58.619568923438145,,,,,
2026-01-12T23:50:00+10:00,25742.25,25754.25,25739.5,25750,817,56.17699214167057,58.160121808016,,,,,
2026-01-12T23:55:00+10:00,25749.5,25760,25743.25,25743.5,934,52.501390812825775,57.328996320073756,,,,,
2026-01-13T00:00:00+10:00,25743.75,25751,25739.5,25743.25,876,52.359492679302036,56.17649414410572,,,,,
2026-01-13T00:05:00+10:00,25743,25754.25,25731.75,25747,1475,54.35245567902088,55.440995976518714,,,,,
2026-01-13T00:10:00+10:00,25747.5,25748.5,25739.75,25742,790,51.27259161789966,54.4553417447351,,,,,
2026-01-13T00:15:00+10:00,25741.25,25745,25724.25,25738,1726,48.88603436954063,54.43891146835434,,,,,
2026-01-13T00:20:00+10:00,25738,25744.75,25723.25,25725.75,1093,42.38010432711125,53.86516774002424,,,,,
2026-01-13T00:25:00+10:00,25727,25750.75,25719.75,25746,3506,53.41656278332106,53.34127199870489,,,,,
2026-01-13T00:30:00+10:00,25746.25,25860,25743.5,25855.5,21201,77.97890962011172,54.917439121851324,,,,,
2026-01-13T00:35:00+10:00,25855.75,25889.5,25846,25882.5,13300,80.68349779907822,56.45046200838133,,,,,
2026-01-13T00:40:00+10:00,25882.75,25892.75,25849.25,25853.5,11936,70.64714621895044,57.44439041631284,,,,,
2026-01-13T00:45:00+10:00,25854,25874.75,25834,25870.75,9875,72.81345773775433,58.55667651726055,,,,,
2026-01-13T00:50:00+10:00,25871.5,25924,25867,25894.25,11509,75.4695300379103,60.111529595801755,,,,,
2026-01-13T00:55:00+10:00,25893.25,25918.25,25890.25,25901,6502,76.18911495199262,61.794805769749246,,,,,
2026-01-13T01:00:00+10:00,25901.25,25907.5,25872.25,25877,10546,68.49550116711957,62.67469927156703,,,,,
2026-01-13T01:05:00+10:00,25876.5,25891.5,25867.5,25883,5267,69.32934588667162,63.87669606255603,,,,,
2026-01-13T01:10:00+10:00,25882.25,25908,25871.75,25905.75,6520,72.32079148233855,65.30250311991577,,,,,
2026-01-13T01:15:00+10:00,25906,25911.75,25885.5,25904,5274,71.74113904090702,66.54455193147906,,,,,
2026-01-13T01:20:00+10:00,25904,25931.25,25898,25919,7012,73.68783854432866,68.14564099765256,,,,,
2026-01-13T01:25:00+10:00,25918.75,25933.5,25911.5,25921.5,5359,74.00920260201895,69.94015301425817,,,,,
2026-01-13T01:30:00+10:00,25921.75,25922.5,25877.5,25891.5,6585,63.920268266853064,71.47873615281115,,,,,
2026-01-13T01:35:00+10:00,25891.25,25911,25880,25901.75,5618,65.64354570165685,72.35209207554942,,,,,
2026-01-13T01:40:00+10:00,25901,25903.5,25874.5,25887.5,4793,61.26264577397897,71.15807322939709,,,,,
2026-01-13T01:45:00+10:00,25887.5,25899,25863.75,25895,5697,62.674556885886005,69.87172030702621,,,,,
2026-01-13T01:50:00+10:00,25894.75,25911.75,25882.25,25908,3656,65.05228892671529,69.47208764329513,,,,,
2026-01-13T01:55:00+10:00,25908.25,25920.5,25901.5,25915.5,3863,66.38281054112468,69.01275570067874,,,,,
2026-01-13T02:00:00+10:00,25915.5,25923.25,25901,25915,3949,66.2018571216201,68.35077906380086,,,,,
2026-01-13T02:05:00+10:00,25915,25927.75,25913,25925.5,2860,68.1644384025598,67.77758788169851,,,,,
2026-01-13T02:10:00+10:00,25925.5,25947.25,25925,25946.75,4926,71.74085536189024,68.0093988956107,,,,,
2026-01-13T02:15:00+10:00,25946.25,25960,25942.5,25950,5220,72.25423825465323,68.21831977903796,,,,,
2026-01-13T02:20:00+10:00,25949.5,25957.25,25933.5,25944,3914,69.73546734377499,68.03365376914056,,,,,
2026-01-13T02:25:00+10:00,25944.25,25945.5,25929.25,25941.5,3395,68.66144888016721,67.81367590051629,,,,,
2026-01-13T02:30:00+10:00,25941.75,25948,25933.25,25944.5,2956,69.2730156787731,67.49833141011946,,,,,
2026-01-13T02:35:00+10:00,25945,25951.25,25939.5,25943,2724,68.55266492307784,67.10857871876652,,,,,
2026-01-13T02:40:00+10:00,25943.75,25952.75,25931.75,25932.5,2215,63.56943424485476,67.08351914576664,,,,,
2026-01-13T02:45:00+10:00,25933,25945.25,25922,25942.5,5240,66.09709587034328,67.1159155863871,,,,,
2026-01-13T02:50:00+10:00,25942.5,25963.5,25941.25,25961.25,4431,70.26322596581952,67.75881417151858,,,,,
2026-01-13T02:55:00+10:00,25961.5,25969.5,25959.25,25961,5001,70.13946553908131,68.2920219324611,,,,,
2026-01-13T03:00:00+10:00,25961,25972.25,25951.5,25965.25,3313,71.07229301018944,68.72202222413783,,,,,
2026-01-13T03:05:00+10:00,25965.75,25968.25,25952.75,25954.5,2351,65.49863618496128,68.6588669129833,,,,,
2026-01-13T03:10:00+10:00,25954.5,25974,25954.25,25969.75,3215,69.18993023381634,68.87230070671161,,,,,
2026-01-13T03:15:00+10:00,25969.25,25970.5,25953.25,25956.5,2102,62.89370471758057,68.49581972921308,,,,,
2026-01-13T03:20:00+10:00,25956,25970.75,25955.25,25955.25,2267,62.317566497926514,67.82272766750138,,,,,
2026-01-13T03:25:00+10:00,25955.25,25963.25,25949.25,25963,2025,64.48952895936087,67.26810557498051,,,,,
2026-01-13T03:30:00+10:00,25962.25,25962.75,25948.75,25952.5,1714,59.48680757863715,66.53605844889923,,,,,
2026-01-13T03:35:00+10:00,25952.5,25955,25939.75,25941,2110,54.50016592389257,65.52453823773676,,,,,
2026-01-13T03:40:00+10:00,25941.5,25961.75,25938.25,25959.25,2308,60.2018149100228,64.87659532568316,,,,,
2026-01-13T03:45:00+10:00,25959,25972.75,25956.5,25969.5,2440,63.005765697246204,64.48038823812375,,,,,
2026-01-13T03:50:00+10:00,25969.5,25971.25,25959,25969.5,1947,63.005765697246204,64.44012619900886,,,,,
2026-01-13T03:55:00+10:00,25969.5,25972,25965,25968,1134,62.26127057102591,64.16613867762905,,,,,
2026-01-13T04:00:00+10:00,25968.5,25979,25965,25977.75,2416,65.14432660173574,63.80050300876592,,,,,
2026-01-13T04:05:00+10:00,25978.25,25992.5,25977.5,25986.25,5550,67.47700733786513,63.610327422964765,,,,,
2026-01-13T04:10:00+10:00,25986.75,25988.75,25981,25985.25,1709,66.90967634151701,63.312997660916736,,,,,
2026-01-13T04:15:00+10:00,25985.5,25985.75,25975.5,25983,2127,65.57376384369707,63.318363922255,,,,,
2026-01-13T04:20:00+10:00,25982.75,25997.5,25982.25,25993.75,2893,68.78091804203171,63.289148765698954,,,,,
2026-01-13T04:25:00+10:00,25993.25,25993.75,25986.5,25991,1657,67.05983551975952,63.58672953728317,,,,,
2026-01-13T04:30:00+10:00,25991,25993.5,25981.75,25983.75,1922,62.61168845139644,63.607738248245305,,,,,
2026-01-13T04:35:00+10:00,25984,25987,25979.25,25984.25,1542,62.79497682370401,63.48669880998409,,,,,
2026-01-13T04:40:00+10:00,25984,25986.5,25978.5,25981.75,1249,61.18001113082239,63.60764192085447,,,,,
2026-01-13T04:45:00+10:00,25981.75,25990.75,25979.25,25987.25,1414,63.40954256327597,64.2440259665247,,,,,
2026-01-13T04:50:00+10:00,25986.75,25992.75,25976.25,25977,2206,56.85594276170024,64.00503509878737,,,,,
2026-01-13T04:55:00+10:00,25976.25,25980.25,25974,25978.5,1248,57.54742560020129,63.61515366328417,,,,,
2026-01-13T05:00:00+10:00,25978.5,25979,25964.5,25967.25,2659,50.95166680509615,62.75414659955917,,,,,
2026-01-13T05:05:00+10:00,25966.75,25978.75,25962,25977.75,2262,56.018434667607785,62.30822974931501,,,,,
2026-01-13T05:10:00+10:00,25978,25983,25976,25981,1713,57.48247641356797,61.76095473587446,,,,,
2026-01-13T05:15:00+10:00,25981.25,25991.25,25977.25,25991,2156,61.70634958201083,61.348764896170586,,,,,
2026-01-13T05:20:00+10:00,25990.75,25995.75,25986.5,25995.25,1973,63.371801431134536,61.096059545428986,,,,,
2026-01-13T05:25:00+10:00,25995,26002.25,25991.75,25996,2367,63.67206527365541,60.960223933283146,,,,,
2026-01-13T05:30:00+10:00,25996.25,26013,25995.25,26010.5,4012,68.9684796335015,60.97362118981671,,,,,
2026-01-13T05:35:00+10:00,26010.75,26016,26006,26008.5,2663,67.50652572768897,61.00552763324025,,,,,
2026-01-13T05:40:00+10:00,26008.75,26010,26003.75,26006.75,1558,66.18452343004341,61.26073013171503,,,,,
2026-01-13T05:45:00+10:00,26006.5,26012,26005.5,26008.5,1613,66.88295319263742,61.552728443781696,,,,,
2026-01-13T05:50:00+10:00,26008.75,26011.25,26004.25,26006.5,1511,65.22490439859274,61.84164939147958,,,,,
2026-01-13T05:55:00+10:00,26006,26016.5,26004.5,26014.75,2211,68.67464545553455,62.217728169498045,,,,,
2026-01-13T06:00:00+10:00,26015,26020.5,26004.25,26005.25,3074,61.151806016761554,62.524575544859566,,,,,
2026-01-13T06:05:00+10:00,26005.75,26010,26002.25,26002.75,1805,59.3105326233857,62.65051176080131,,,,,
2026-01-13T06:10:00+10:00,26002.5,26008.5,25997,26002.5,2292,59.118833762866984,63.23388082921351,,,,,
2026-01-13T06:15:00+10:00,26002.5,26003,25992.5,25994.25,2350,53.02781341899069,63.02026502574086,,,,,
2026-01-13T06:20:00+10:00,25994,25997.5,25986,25989.25,2576,49.68660004640996,62.46341671380101,,,,,
2026-01-13T06:25:00+10:00,25989,25994.25,25986.75,25992.25,2004,51.654889573594204,61.7454552846284,,,,,
2026-01-13T06:30:00+10:00,25991,25995.5,25983,25989.25,3240,49.56665348275412,60.75937328831551,,,,,
2026-01-13T06:35:00+10:00,25989.25,25990.25,25981.5,25982.25,2212,44.995758859638855,59.42535140160004,,,,,
2026-01-13T06:40:00+10:00,25981.75,25985,25974.25,25979.75,3057,43.454508794234194,57.60292491308095,,,,,
2026-01-13T06:45:00+10:00,25979.5,25991,25974.75,25984.25,3530,46.975274648095166,56.13640697882425,,,,,
2026-01-13T06:50:00+10:00,25984,25984.5,25957,25974.25,7171,40.88330990744527,54.3291774414958,,,,,
2026-01-13T06:55:00+10:00,25973.75,25973.75,25950.5,25952.25,11154,31.274225969353864,51.78569692554698,,,,,
2026-01-13T07:00:00+10:00,25952.25,25959.25,25948.5,25956.5,4208,34.478085378238276,49.589495566950234,,,,,
2026-01-13T07:05:00+10:00,25956.25,25964.5,25954.75,25957.25,1500,35.05348120073741,47.187983834464724,,,,,
2026-01-13T07:10:00+10:00,25957.25,25962,25953.5,25959.25,1096,36.6510980498724,45.43793326540121,,,,,
2026-01-13T07:15:00+10:00,25959,25959.25,25953.25,25955.75,373,35.02724949696349,43.70341304208534,,,,,
2026-01-13T07:20:00+10:00,25955.5,25963.75,25953,25962.5,576,40.50219600905619,42.37365320252742,,,,,
2026-01-13T07:25:00+10:00,25963.25,25974,25963.25,25971,776,46.603986589690535,41.91480842900599,,,,,
2026-01-13T07:30:00+10:00,25971,25971.5,25965.75,25968.5,297,45.13775659984739,41.5898910399658,,,,,
2026-01-13T07:35:00+10:00,25968.25,25968.25,25962.5,25963,286,42.00660579462726,40.900727912896734,,,,,
2026-01-13T07:40:00+10:00,25963.25,25968,25963.25,25967.5,275,45.34710732899492,40.59933175905679,,,,,
2026-01-13T07:45:00+10:00,25967.5,25968,25945.5,25946.25,952,35.073126819571726,39.890572327623424,,,,,
2026-01-13T07:50:00+10:00,25946.25,25948,25932.75,25938.5,1354,32.20717289026554,39.08719119162566,,,,,
2026-01-13T07:55:00+10:00,25938.25,25946,25934.25,25942.25,685,34.975919350645924,38.230094384665,,,,,
2026-01-13T09:00:00+10:00,25953.5,25954,25914.25,25920.5,1036,27.86701629840033,37.300359126876074,,,,,
2026-01-13T09:05:00+10:00,25921,25927.5,25913.25,25925,453,30.99215883240838,37.28021147423711,,,,,
2026-01-13T09:10:00+10:00,25925,25932.25,25922,25929.75,387,34.23123669501709,37.262579425435604,,,,,
2026-01-13T09:15:00+10:00,25930,25937.25,25928,25934,409,37.077085235387294,37.40712257076774,,,,,
2026-01-13T09:20:00+10:00,25935,25938.5,25933,25936.5,213,38.75585991491733,37.55746270398523,,,,,
2026-01-13T09:25:00+10:00,25936.75,25936.75,25926.75,25928,213,35.30676529182608,37.57742811790399,,,,,
2026-01-13T09:30:00+10:00,25928,25929.75,25922,25928.25,254,35.488613853987644,37.219315106827665,,,,,
2026-01-13T09:35:00+10:00,25928.5,25932,25923,25923,296,33.36743262553965,36.273846966531174,,,,,
2026-01-13T09:40:00+10:00,25923,25924,25913.75,25919,449,31.807507517761124,35.32168631781072,,,,,
2026-01-13T09:45:00+10:00,25917.75,25919,25902.5,25904.5,1269,26.898423381675656,34.242530431171325,,,,,
2026-01-13T09:50:00+10:00,25905.75,25908.75,25897,25899,450,25.303185663083113,32.81082174074905,,,,,
2026-01-13T09:55:00+10:00,25899.5,25901.5,25893.5,25895.5,399,24.314946761090795,32.04238030800041,,,,,
2026-01-13T10:00:00+10:00,25895.25,25898.25,25882,25885,880,21.59062780317602,31.284055658922593,,,,,
2026-01-13T10:05:00+10:00,25886,25893.25,25885.5,25890.25,456,26.051973777911527,30.64663097515585,,,,,
2026-01-13T10:10:00+10:00,25891,25894.75,25884.75,25887.5,378,25.241803362490373,30.459115765447994,,,,,
2026-01-13T10:15:00+10:00,25886.75,25897,25886.25,25894.75,455,31.306914560961076,30.481598317487478,,,,,
2026-01-13T10:20:00+10:00,25894.75,25896,25888.75,25890.25,179,29.696476363524155,30.15768686523798,,,,,
2026-01-13T10:25:00+10:00,25891.5,25893.25,25883.5,25884.5,328,27.733358922765092,29.490277842907826,,,,,
2026-01-13T10:30:00+10:00,25884,25888.5,25872.75,25877.25,877,25.448987522209507,28.539786957714405,,,,,
2026-01-13T10:35:00+10:00,25876,25879.5,25873.5,25874.25,269,24.547940940742762,27.771299504065603,,,,,
2026-01-13T10:40:00+10:00,25874.25,25881,25872.25,25875.75,370,25.959505458759565,27.090648904406446,,,,,
2026-01-13T10:45:00+10:00,25875.5,25882,25873.75,25879.5,265,29.509945443093315,26.81511410566028,,,,,
2026-01-13T10:50:00+10:00,25880.25,25880.5,25872,25875.25,286,27.87831524221565,26.534457514549892,,,,,
2026-01-13T10:55:00+10:00,25874.25,25878,25871.5,25875.25,263,27.87831524221565,26.60444979030275,,,,,
2026-01-13T11:00:00+10:00,25875,25881.75,25872.25,25879.25,330,31.983280078178637,27.081599391381,,,,,
2026-01-13T11:05:00+10:00,25879,25879.75,25874.25,25877.25,268,31.032213287604478,27.56140414327484,,,,,
2026-01-13T11:10:00+10:00,25876.5,25879.75,25870.25,25874.75,374,29.83781352650996,28.150488837798694,,,,,
2026-01-13T11:15:00+10:00,25874.5,25876.75,25871.5,25875.75,246,30.982122310062422,28.502642304380903,,,,,
2026-01-13T11:20:00+10:00,25874.75,25881.75,25873.5,25880.5,348,36.29683080212623,29.292287121497743,,,,,
2026-01-13T11:25:00+10:00,25880.25,25881,25872,25872.5,249,31.848582544358962,29.33097769174045,,,,,
2026-01-13T11:30:00+10:00,25873,25876.5,25866.5,25867.25,408,29.31000624488128,29.30337268326596,,,,,
2026-01-13T11:35:00+10:00,25868,25868,25852,25855,857,24.41908220145295,29.06663863174367,,,,,
2026-01-13T11:40:00+10:00,25855.25,25855.75,25846.5,25853.75,697,23.979367149583098,28.961665747984636,,,,,
2026-01-13T11:45:00+10:00,25853.5,25872,25845.75,25870.5,998,39.65923187118801,30.041043671587865,,,,,
2026-01-13T11:50:00+10:00,25870.75,25891.25,25870.75,25880,1016,46.41048145351668,31.501827671213373,,,,,
2026-01-13T11:55:00+10:00,25879.5,25885.5,25875.25,25878.75,373,45.686163730339864,32.65727183458812,,,,,
2026-01-13T12:00:00+10:00,25879.75,25894.25,25877,25889.5,677,52.545382437709875,34.41920520569486,,,,,
2026-01-13T12:05:00+10:00,25888.75,25897.75,25884.5,25887.5,543,51.24864289013799,36.088514323403594,,,,,
2026-01-13T12:10:00+10:00,25886.5,25895.25,25884.75,25890.75,317,53.26691936467284,37.60877427243889,,,,,
2026-01-13T12:15:00+10:00,25892,25897,25881.25,25882.75,369,47.99923687095189,38.820704528392284,,,,,
2026-01-13T12:20:00+10:00,25881.75,25885.5,25879.75,25882,330,47.52473527673651,40.084056081979895,,,,,
2026-01-13T12:25:00+10:00,25880.5,25882.75,25875.5,25879.75,262,46.053861740954154,41.16060889847216,,,,,
2026-01-13T12:30:00+10:00,25878.75,25880.5,25876,25878,141,44.8901461287088,41.7744171360852,,,,,
2026-01-13T12:35:00+10:00,25877.5,25888.25,25877.5,25887.5,259,51.98335658400729,43.21261528177437,,,,,
2026-01-13T12:40:00+10:00,25888.5,25892.25,25884,25887.25,317,51.794427980727775,44.8186454057634,,,,,
2026-01-13T12:45:00+10:00,25887,25890.25,25884.75,25888.75,142,52.900505523867764,46.85303278593589,,,,,
2026-01-13T12:50:00+10:00,25889,25889.5,25877,25878.75,266,45.41855145819002,48.384403093693514,,,,,
2026-01-13T12:55:00+10:00,25878.25,25879,25874.25,25878.25,203,45.075271652415466,48.77126307806691,,,,,
2026-01-13T13:00:00+10:00,25877.75,25878.75,25867,25873.75,444,41.99862750433885,48.45613065312563,,,,,
2026-01-13T13:05:00+10:00,25874.75,25880.5,25873.5,25878.25,185,45.970152838849266,48.47641558944774,,,,,
2026-01-13T13:10:00+10:00,25879,25889.25,25879,25885.25,306,51.529993603608276,48.40388781558334,,,,,
2026-01-13T13:15:00+10:00,25885.5,25887.5,25879.5,25882.5,154,49.38018088410468,48.27042624372382,,,,,
2026-01-13T13:20:00+10:00,25881.25,25892.25,25881,25889.25,197,54.408055274734416,48.35193595158536,,,,,
2026-01-13T13:25:00+10:00,25889.75,25892,25883.25,25885.75,106,51.5489346427119,48.60548579242536,,,,,
2026-01-13T13:30:00+10:00,25885.5,25886.75,25868.75,25870.5,346,41.352326919854086,48.16459948121947,,,,,
2026-01-13T13:35:00+10:00,25871,25873.25,25865,25868.75,303,40.36559258931535,47.7582945418167,,,,,
2026-01-13T13:40:00+10:00,25868.75,25871.5,25861.5,25868.25,319,40.071386743950804,47.41409744290542,,,,,
2026-01-13T13:45:00+10:00,25867.75,25871.5,25862,25871.5,221,42.9805049713216,46.771036613427874,,,,,
2026-01-13T13:50:00+10:00,25870.25,25876.25,25868.75,25875.75,204,46.62907059014809,46.402082514100755,,,,,
2026-01-13T13:55:00+10:00,25875,25885,25875,25882.25,291,51.71764733044919,46.317592643142284,,,,,
2026-01-13T14:00:00+10:00,25883.5,25885.25,25876.25,25877.25,147,47.9318522243893,46.49711412644223,,,,,
2026-01-13T14:05:00+10:00,25878.5,25886,25877.75,25882.25,124,51.73655996581247,46.97292043454201,,,,,
2026-01-13T14:10:00+10:00,25881.75,25882,25875,25878,127,48.49293067239105,47.43679923226002,,,,,
2026-01-13T14:15:00+10:00,25877.75,25891.75,25875.5,25884.25,403,53.145187094900294,47.949301679120815,,,,,
2026-01-13T14:20:00+10:00,25884.25,25886,25878.75,25879.75,183,49.66678314021767,47.81621521745006,,,,,
2026-01-13T14:25:00+10:00,25880,25884.5,25876.25,25884.25,134,52.98095170469477,48.073413133206486,,,,,
2026-01-13T14:30:00+10:00,25884.5,25885,25879.5,25883.25,131,52.15904652117042,47.91276965080906,,,,,
2026-01-13T14:35:00+10:00,25883.5,25886.25,25879.5,25880.25,127,49.669623124446574,47.77853311379011,,,,,
2026-01-13T14:40:00+10:00,25880.75,25880.75,25870.25,25872.75,258,44.013951616519925,47.96864916355195,,,,,
2026-01-13T14:45:00+10:00,25872.5,25883,25869,25883,220,52.049788690844224,48.80323459937544,,,,,
2026-01-13T14:50:00+10:00,25883.5,25890,25882.5,25887.5,258,55.09698308438324,49.8764914808349,,,,,
2026-01-13T14:55:00+10:00,25887.25,25890.75,25884,25885,185,53.07887902535356,50.59780391326576,,,,,
2026-01-13T15:00:00+10:00,25884.5,25888.75,25882.25,25886.25,137,53.98639993052914,51.12332743757869,,,,,
2026-01-13T15:05:00+10:00,25885.25,25885.5,25879,25881,140,49.64345583356333,50.975170902086845,,,,,
2026-01-13T15:10:00+10:00,25881,25883.25,25877.5,25883.25,143,51.446187575617486,51.22619485574601,,,,,
2026-01-13T15:15:00+10:00,25883,25893.75,25881.25,25889.25,214,55.972576567033784,51.52876747011896,,,,,
2026-01-13T15:20:00+10:00,25887.75,25894.5,25887.75,25893.25,130,58.734484734438716,52.26030704597951,,,,,
2026-01-13T15:25:00+10:00,25894,25906,25889.75,25905.25,515,65.6884463026586,53.15625413224796,,,,,
2026-01-13T15:30:00+10:00,25905.5,25906.5,25888.25,25890,435,53.37784350692253,53.42132987272687,,,,,
2026-01-13T15:35:00+10:00,25890,25892,25883.75,25888.25,228,52.16958299343924,53.36337496478006,,,,,
2026-01-13T15:40:00+10:00,25889.5,25899,25886.5,25898.5,275,58.14559222825869,53.790985372429226,,,,,
2026-01-13T15:45:00+10:00,25897.5,25899.75,25896.5,25897.75,128,57.57871224567145,54.35592030965957,,,,,
2026-01-13T15:50:00+10:00,25898.25,25904.25,25898.25,25900,185,58.87408811360548,55.41735863087997,,,,,
2026-01-13T15:55:00+10:00,25901.25,25907.25,25901,25901.5,164,59.75636038409254,55.96782803754056,,,,,
2026-01-13T16:00:00+10:00,25902,25912.75,25900.75,25909.75,422,64.29349629725834,56.62472183846022,,,,,
2026-01-13T16:05:00+10:00,25909.75,25913,25906.5,25910.75,281,64.81136268239777,57.46275638539195,,,,,
2026-01-13T16:10:00+10:00,25909.5,25916,25908.25,25912.5,209,65.74759619343494,58.30284183274235,,,,,
2026-01-13T16:15:00+10:00,25912.25,25915.75,25909.5,25914.25,246,66.70168472865917,59.52128675382063,,,,,
2026-01-13T16:20:00+10:00,25914.5,25918,25912.5,25915,187,67.12433395670577,60.6411543524698,,,,,
2026-01-13T16:25:00+10:00,25915.25,25921,25915.25,25917.5,174,68.55700080785346,61.54004179824263,,,,,
2026-01-13T16:30:00+10:00,25918.25,25926,25914,25920.25,474,70.1005187230562,62.35190136885817,,,,,
2026-01-13T16:35:00+10:00,25921.25,25922.5,25917,25917,138,65.97836119170049,62.3726095752183,,,,,
2026-01-13T16:40:00+10:00,25916.75,25921.5,25911.5,25916.75,200,65.65851898985744,63.24980068114223,,,,,
2026-01-13T16:45:00+10:00,25916,25923,25913.75,25922.5,125,69.33997235896624,64.47625706439416,,,,,
2026-01-13T16:50:00+10:00,25922.75,25932.75,25922.75,25925.5,298,71.08181685497259,65.40027310915943,,,,,
2026-01-13T16:55:00+10:00,25925,25926,25910.75,25917,338,60.58032928849086,65.61467432650367,,,,,
2026-01-13T17:00:00+10:00,25916.25,25921.75,25906.5,25917.75,335,61.12605936666432,65.77552941600787,,,,,
2026-01-13T17:05:00+10:00,25917.75,25921,25911,25912.5,268,55.34959535115072,65.46076048508345,,,,,
2026-01-13T17:10:00+10:00,25913,25924.25,25908.5,25924,352,63.48884647010235,65.40328549742947,,,,,
2026-01-13T17:15:00+10:00,25923.75,25925.25,25913.25,25916,166,55.86034100962896,64.7639268065174,,,,,
2026-01-13T17:20:00+10:00,25914.75,25920.75,25907.5,25918.75,282,57.740082220888475,64.19196152276409,,,,,
2026-01-13T17:25:00+10:00,25917.75,25924.5,25913.25,25916,203,55.20812273280321,63.370992808774375,,,,,
2026-01-13T17:30:00+10:00,25914,25918.5,25909.25,25918.5,210,57.051927894366194,62.651535232892975,,,,,
2026-01-13T17:35:00+10:00,25917.75,25919,25913,25913.5,118,52.40561686731497,61.49786495142594,,,,,
2026-01-13T17:40:00+10:00,25914.25,25919.5,25911.25,25917.25,150,55.343081537480074,60.44376229531336,,,,,
2026-01-13T17:45:00+10:00,25917,25923.75,25917,25918.5,155,56.311029890779764,59.75323863096189,,,,,
2026-01-13T17:50:00+10:00,25918.5,25920.75,25917.25,25919,92,56.715180944076735,59.114428770548976,,,,,
2026-01-13T17:55:00+10:00,25920,25921,25916.25,25917.25,145,54.80427601552502,58.076164746017454,,,,,
2026-01-13T18:00:00+10:00,25917.25,25919.75,25908.5,25916.25,446,53.69103758573453,56.83396622678617,,,,,
2026-01-13T18:05:00+10:00,25916,25921.75,25912.75,25915.25,367,52.541661308762514,56.259775656805566,,,,,
2026-01-13T18:10:00+10:00,25917,25917,25901.25,25903,389,40.97100857696268,54.82012917182688,,,,,
2026-01-13T18:15:00+10:00,25901.75,25913,25901,25911.25,347,49.100608805974545,54.37377299002858,,,,,
2026-01-13T18:20:00+10:00,25912.25,25921.25,25911,25919.75,295,55.84756846190284,53.82796741801433,,,,,
2026-01-13T18:25:00+10:00,25920.25,25924.25,25912.25,25918,481,54.253071620469,53.713162461645766,,,,,
2026-01-13T18:30:00+10:00,25919.5,25923.5,25896.75,25897.5,585,39.88667810567517,52.4379193105591,,,,,
2026-01-13T18:35:00+10:00,25898.25,25908.75,25895.5,25906.5,503,46.57533017356504,51.82129127061352,,,,,
2026-01-13T18:40:00+10:00,25906.75,25915.5,25903.75,25915.5,330,52.29200777640999,51.4812969764738,,,,,
2026-01-13T18:45:00+10:00,25915.5,25915.5,25905.75,25905.75,294,46.48845716042855,51.05864271169619,,,,,
2026-01-13T18:50:00+10:00,25906.5,25914,25906,25909.25,166,48.68990981342302,50.58341615997783,,,,,
2026-01-13T18:55:00+10:00,25908.75,25909,25904.25,25906.25,173,46.908549492353984,49.911810417233134,,,,,
2026-01-13T19:00:00+10:00,25907,25930.75,25907,25923.5,763,56.71483272122281,49.91178554417214,,,,,
2026-01-13T19:05:00+10:00,25923,25926.5,25916,25918.5,415,53.62313092814912,49.827418037931004,,,,,
2026-01-13T19:10:00+10:00,25919,25928.75,25918.25,25928,282,58.27700572174757,50.154987190503356,,,,,
2026-01-13T19:15:00+10:00,25928,25936.75,25926.25,25930.5,429,59.43075458423243,50.647065281608356,,,,,
2026-01-13T19:20:00+10:00,25930,25934.75,25924,25926.75,306,56.88952407586118,51.784102102958244,,,,,
2026-01-13T19:25:00+10:00,25926,25928,25922.25,25923.75,144,54.86823478610263,52.19607538725311,,,,,
2026-01-13T19:30:00+10:00,25923.25,25927.75,25920.75,25923,161,54.348349856054675,52.08898834397824,,,,,
2026-01-13T19:35:00+10:00,25923,25923,25913.75,25915.5,191,49.316126788972774,51.73634942744279,,,,,
2026-01-13T19:40:00+10:00,25916.25,25916.5,25893.5,25898.75,648,40.33393460715095,51.76829632040534,,,,,
2026-01-13T19:45:00+10:00,25898,25909.5,25893.5,25905.75,452,44.85429429521785,51.64536518623769,,,,,
2026-01-13T19:50:00+10:00,25905.75,25915,25905.75,25911.5,201,48.31798810357132,51.36150663817778,,,,,
2026-01-13T19:55:00+10:00,25911,25915.5,25907,25909.75,258,47.34335378017334,51.42257068244526,,,,,
2026-01-13T20:00:00+10:00,25908.75,25914.25,25901.5,25901.75,398,43.06663744796214,51.02090837062663,,,,,
2026-01-13T20:05:00+10:00,25902,25903.25,25891.75,25892,293,38.50173935298102,50.42042193209999,,,,,
2026-01-13T20:10:00+10:00,25891.5,25898.5,25876,25878.25,653,33.163127258958454,48.73815725622397,,,,,
2026-01-13T20:15:00+10:00,25878.75,25884,25871.75,25882.25,629,35.94564937947487,47.47548000274723,,,,,
2026-01-13T20:20:00+10:00,25883,25889.5,25879.25,25889,400,40.45096959334607,46.20219170786141,,,,,
2026-01-13T20:25:00+10:00,25888.25,25890.25,25881,25881.5,186,37.31079558447404,44.622194636450104,,,,,
2026-01-13T20:30:00+10:00,25881.5,25892.25,25880.5,25886.5,285,40.62025118612469,43.460103715754634,,,,,
2026-01-13T20:35:00+10:00,25887,25896,25884.75,25892.75,216,44.56011167819191,42.723809208046724,,,,,
2026-01-13T20:40:00+10:00,25893.5,25894.25,25881.75,25884.25,282,40.61339977321898,41.74274134498704,,,,,
2026-01-13T20:45:00+10:00,25884,25886.5,25880.5,25882,180,39.613221102353144,41.04967665308563,,,,,
2026-01-13T20:50:00+10:00,25881,25888,25877.5,25877.75,210,37.72344362380558,40.863213011418104,,,,,
2026-01-13T20:55:00+10:00,25877.25,25881.25,25875.75,25878,320,37.911081439448004,40.367269236005974,,,,,
2026-01-13T21:00:00+10:00,25878.5,25885.25,25876.5,25882.75,374,41.516591712633904,39.881455208081874,,,,,
2026-01-13T21:05:00+10:00,25882.25,25895.75,25880.75,25893.5,297,48.767577758583776,39.98318549225405,,,,,
2026-01-13T21:10:00+10:00,25893.75,25894.75,25882,25883.25,195,43.26010847654701,39.99700485143868,,,,,
2026-01-13T21:15:00+10:00,25883,25889,25880,25885.75,158,44.89472139755574,40.45364642605116,,,,,
2026-01-13T21:20:00+10:00,25886.5,25894.25,25885,25890.75,392,48.11422847640969,41.52158222729768,,,,,
2026-01-13T21:25:00+10:00,25891.25,25892.25,25885.25,25888.5,197,46.789455767702385,42.29613982645678,,,,,
2026-01-13T21:30:00+10:00,25889.75,25889.75,25870.5,25872.5,521,38.64157269154422,42.16689719061379,,,,,
2026-01-13T21:35:00+10:00,25872.25,25881,25871.25,25878,311,42.35749825748628,42.5273759529718,,,,,
2026-01-13T21:40:00+10:00,25878.5,25885.25,25872.5,25874.25,509,40.55414305593089,42.52265394367225,,,,,
2026-01-13T21:45:00+10:00,25875,25885,25874.5,25878.5,452,43.490538166324114,42.4462558356817,,,,,
2026-01-13T21:50:00+10:00,25879.5,25889.75,25876,25889.5,513,50.3293573007557,43.14025280193432,,,,,
2026-01-13T21:55:00+10:00,25889.75,25900.75,25888.5,25900.5,560,56.056514822067676,44.31477378191393,,,,,
2026-01-13T22:00:00+10:00,25901.25,25906,25888.5,25898.75,672,54.97058991760246,45.54671280289942,,,,,
2026-01-13T22:05:00+10:00,25898.5,25903.25,25896.75,25901.75,232,56.52539943409609,46.876306945374274,,,,,
2026-01-13T22:10:00+10:00,25901.25,25908.25,25901.25,25904.5,313,57.958431682698,48.05072408609315,,,,,
2026-01-13T22:15:00+10:00,25904,25915,25903,25906,495,58.7570032184163,48.764254476081184,,,,,
2026-01-13T22:20:00+10:00,25906.75,25912,25905.5,25910,195,60.89040033442377,50.02356103735809,,,,,
2026-01-13T22:25:00+10:00,25909.5,25918.25,25906.5,25915.5,300,63.67292665832505,51.36486141312732,,,,,
2026-01-13T22:30:00+10:00,25915,25917.5,25909.5,25912.75,388,61.32362691263188,52.30838987285748,,,,,
2026-01-13T22:35:00+10:00,25913.5,25918.25,25911.75,25915,170,62.541408953583016,53.43352938613467,,,,,
2026-01-13T22:40:00+10:00,25914.75,25918.75,25913.75,25915.25,229,62.68200860961814,55.15070338028281,,,,,
2026-01-13T22:45:00+10:00,25914.75,25917,25909,25910,327,57.777499548693825,56.25213204394049,,,,,
2026-01-13T22:50:00+10:00,25909.25,25916,25901.75,25902.25,911,51.38571506241414,57.02581575868929,,,,,
2026-01-13T22:55:00+10:00,25902,25902,25888.25,25895.25,746,46.39341435099143,57.2331640575941,,,,,
2026-01-13T23:00:00+10:00,25895.25,25906.5,25888.5,25906.25,557,53.962589411510145,57.492680636933706,,,,,
2026-01-13T23:05:00+10:00,25906.25,25908,25901.25,25902.25,351,51.135096823040584,57.14115077986035,,,,,
2026-01-13T23:10:00+10:00,25902.5,25909,25898.5,25900,563,49.56196744268712,56.75482060308067,,,,,
2026-01-13T23:15:00+10:00,25900,25902,25888.25,25892.5,564,44.63290885586861,55.90535699035014,,,,,
2026-01-13T23:20:00+10:00,25892,25897.5,25887,25892,584,44.31648141564337,54.93093197127481,,,,,
2026-01-13T23:25:00+10:00,25891.5,25912,25889.75,25911.75,909,57.21847876276267,54.821037367299546,,,,,
2026-01-13T23:30:00+10:00,25912,26045.5,25905.5,26017,9644,81.63686099901992,56.3029274147707,,,,,
2026-01-13T23:35:00+10:00,26016.5,26035,25966.25,25982.25,4494,67.86417552841189,56.60230233406262,,,,,
2026-01-13T23:40:00+10:00,25982.5,26003.5,25979.75,25989,2994,68.95962643392821,57.147730871298066,,,,,
2026-01-13T23:45:00+10:00,25989,25991.75,25964.75,25972.5,2465,63.2810196705323,57.20056020822302,,,,,
2026-01-13T23:50:00+10:00,25972.75,25979.75,25944.25,25965.75,2958,61.06563924103064,57.0851052533239,,,,,
2026-01-13T23:55:00+10:00,25965,25973,25949.5,25971.25,1846,62.22604766884279,57.4028586904774,,,,,
2026-01-14T00:00:00+10:00,25970.25,25973,25960.75,25971.75,1556,62.335947460945206,58.185018147515336,,,,,
2026-01-14T00:05:00+10:00,25971.75,25973.75,25965,25971.25,1231,62.14124605669869,59.309863269351574,,,,,
2026-01-14T00:10:00+10:00,25971.25,25979.25,25962.25,25970.25,1336,61.72599257710307,59.86439206689392,,,,,