date_local,orb,direction,entry_ts,entry_price,stop_price,target_price,stop_ticks,orb_range_ticks,outcome,r_multiple,entry_delay_bars,mae_r,mfe_r,close_confirmations,rr,sl_mode,buffer_ticks
2024-01-02,1100,UP,2024-01-02 11:10:00,2078.3,2075.1,2082.7,32.00000000000273,21.99999999999818,LOSS,-1.4545454545456988,1,1.3749999999999112,0.1874999999999556,1,2.0,half,0.0
2024-01-03,1100,UP,2024-01-03 11:10:00,2070.6,2069.15,2073.2000000000003,14.499999999998181,13.000000000001819,LOSS,-1.1153846153843194,1,1.8620689655173495,0.1379310344829641,1,2.0,half,0.0
2024-01-04,1100,UP,2024-01-04 11:15:00,2050.1,2049.1,2052.1,10.0,10.0,LOSS,-1.0,2,2.3999999999998636,0.0,1,2.0,half,0.0
2024-01-05,1100,UP,2024-01-05 11:10:00,2054.2,2051.6,2056.2,25.99999999999909,10.0,LOSS,-2.599999999999909,1,1.0,0.3076923076923884,1,2.0,half,0.0
2024-01-08,1100,UP,2024-01-08 11:15:00,2052.7,2051.95,2055.2999999999993,7.5,12.999999999997272,LOSS,-0.576923076923198,2,1.3333333333333333,0.8000000000004851,1,2.0,half,0.0
2024-01-09,1100,DOWN,2024-01-09 11:10:00,2039.6,2041.15,2035.3999999999996,15.500000000001819,21.000000000001364,LOSS,-0.7380952380952768,1,1.2903225806450098,1.5483870967739237,1,2.0,half,0.0
2024-01-10,1100,DOWN,2024-01-10 11:10:00,2033.7,2035.75,2031.8999999999999,20.499999999999545,9.00000000000091,LOSS,-2.277777777777497,1,1.073170731707363,0.43902439024395656,1,2.0,half,0.0
2024-01-11,1100,UP,2024-01-11 11:30:00,2033.0,2032.4,2035.0,5.9999999999990905,10.0,LOSS,-0.599999999999909,5,1.1666666666669192,0.16666666666654034,1,2.0,half,0.0
2024-01-12,1100,UP,2024-01-12 11:10:00,2036.3,2034.85,2038.5000000000002,14.500000000000455,11.000000000001364,WIN,2.0,1,0.4827586206896714,1.586206896551643,1,2.0,half,0.0
2024-01-15,1100,UP,2024-01-15 11:30:00,2053.0,2052.2,2055.8,8.000000000001819,14.00000000000091,WIN,2.0,5,0.0,5.624999999998721,1,2.0,half,0.0
2024-01-16,1100,UP,2024-01-16 11:20:00,2055.8,2054.7,2058.6000000000004,11.000000000003638,14.00000000000091,LOSS,-0.7857142857144945,3,1.7272727272722388,0.9999999999995866,1,2.0,half,0.0
2024-01-17,1100,DOWN,2024-01-17 11:10:00,2030.7,2031.4,2029.1000000000001,7.000000000000455,7.999999999999545,LOSS,-0.8750000000001066,1,1.9999999999996751,0.0,1,2.0,half,0.0
2024-01-18,1100,DOWN,2024-01-18 11:20:00,2011.8,2012.5500000000002,2010.3999999999999,7.500000000002274,7.000000000000455,LOSS,-1.0714285714288267,3,2.3999999999992117,0.7999999999996362,1,2.0,half,0.0
2024-01-19,1100,DOWN,2024-01-19 11:10:00,2025.0,2025.6999999999998,2022.6,6.999999999998181,12.000000000000455,LOSS,-0.5833333333331596,1,1.4285714285717999,1.5714285714288498,1,2.0,half,0.0
2024-01-22,1100,UP,2024-01-22 11:10:00,2032.9,2031.3,2036.1,16.000000000001364,15.99999999999909,LOSS,-1.000000000000142,1,1.3749999999999112,0.1874999999999556,1,2.0,half,0.0
2024-01-23,1100,DOWN,2024-01-23 11:15:00,2021.9,2023.9499999999998,2020.5,20.49999999999727,7.000000000000455,LOSS,-2.9285714285708484,2,1.1219512195123222,0.5853658536586367,1,2.0,half,0.0
2024-01-24,1100,UP,2024-01-24 11:10:00,2029.2,2028.45,2031.3999999999999,7.5,10.99999999999909,LOSS,-0.6818181818182382,1,1.3333333333333333,1.066666666666606,1,2.0,half,0.0
2024-01-25,1100,UP,2024-01-25 11:30:00,2015.7,2014.9499999999998,2017.1000000000001,7.500000000002274,7.000000000000455,WIN,2.0,5,0.26666666666664646,2.1333333333325655,1,2.0,half,0.0
2024-01-26,1100,UP,2024-01-26 11:15:00,2022.9,2021.9,2026.5,10.0,17.999999999999545,LOSS,-0.5555555555555696,2,1.0,1.2999999999999545,1,2.0,half,0.0
2024-01-29,1100,UP,2024-01-29 11:10:00,2043.1,2040.3000000000002,2046.6999999999998,27.99999999999727,17.999999999999545,LOSS,-1.5555555555554432,1,1.1428571428571892,0.21428571428578388,1,2.0,half,0.0
2024-01-30,1100,DOWN,2024-01-30 11:10:00,2050.5,2051.3999999999996,2047.6999999999998,8.999999999996362,14.00000000000091,LOSS,-0.6428571428568413,1,3.2222222222236256,2.8888888888899555,1,2.0,half,0.0
2024-01-31,1100,DOWN,2024-01-31 11:30:00,2053.7,2054.5,2050.9000000000005,8.000000000001819,13.999999999996362,WIN,2.0,5,0.12500000000042633,3.499999999998863,1,2.0,half,0.0
2024-02-01,1100,UP,2024-02-01 11:35:00,2058.5,2057.9,2060.5,5.9999999999990905,10.0,WIN,2.0,6,0.16666666666654034,6.666666666667677,1,2.0,half,0.0
2024-02-02,1100,DOWN,2024-02-02 11:10:00,2071.0,2072.0,2069.3999999999996,10.0,8.000000000001819,LOSS,-1.2499999999997158,1,1.0,1.0,1,2.0,half,0.0
2024-02-05,1100,DOWN,2024-02-05 11:10:00,2051.2,2051.8500000000004,2049.3999999999996,6.500000000005457,9.00000000000091,LOSS,-0.7222222222227556,1,1.0769230769225926,0.4615384615376543,1,2.0,half,0.0
2024-02-06,1100,DOWN,2024-02-06 11:40:00,2042.8,2043.9,2039.5999999999997,11.000000000001364,16.000000000001364,LOSS,-0.6875000000000266,7,1.0,0.09090909090899696,1,2.0,half,0.0
2024-02-07,1100,DOWN,2024-02-07 11:35:00,2050.7,2051.25,2048.9000000000005,5.500000000001819,8.999999999996362,LOSS,-0.6111111111115602,6,1.8181818181812168,0.7272727272718253,1,2.0,half,0.0
2024-02-08,1100,DOWN,2024-02-08 11:30:00,2051.9,2052.6499999999996,2050.1,7.4999999999954525,9.00000000000091,LOSS,-0.8333333333327438,5,1.0666666666669495,0.26666666666719213,1,2.0,half,0.0
2024-02-09,1100,UP,2024-02-09 11:15:00,2049.2,2048.0,2053.5999999999995,11.999999999998181,21.99999999999818,LOSS,-0.5454545454545079,2,1.0833333333332702,0.5833333333336491,1,2.0,half,0.0
2024-02-12,1100,DOWN,2024-02-12 11:10:00,2038.7,2039.95,2035.7,12.5,15.0,WIN,2.0,1,0.1600000000000364,2.4800000000001092,1,2.0,half,0.0
2024-02-13,1100,DOWN,2024-02-13 11:15:00,2033.1,2033.9,2030.3000000000002,8.000000000001819,13.999999999998636,LOSS,-0.571428571428757,2,1.124999999999858,0.0,1,2.0,half,0.0
2024-02-14,1100,DOWN,2024-02-14 11:10:00,2003.4,2004.55,2001.6,11.499999999998636,9.00000000000091,WIN,2.0,1,0.0,2.0000000000003952,1,2.0,half,0.0
2024-02-15,1100,DOWN,2024-02-15 11:10:00,2005.0,2005.7,2003.8000000000002,7.000000000000455,5.9999999999990905,WIN,2.0,1,0.5714285714286642,1.7142857142856678,1,2.0,half,0.0
2024-02-16,1100,UP,2024-02-16 11:25:00,2015.5,2014.4,2017.1,10.99999999999909,7.999999999999545,WIN,2.0,4,0.1818181818182382,1.9090909090909842,1,2.0,half,0.0
2024-02-19,1100,UP,2024-02-19 11:10:00,2031.8,2029.6,2037.3999999999999,22.000000000000455,27.999999999999545,LOSS,-0.7857142857143147,1,1.1818181818181162,0.36363636363633545,1,2.0,half,0.0
2024-02-20,1100,UP,2024-02-20 11:20:00,2028.0,2027.0,2030.8000000000002,10.0,14.00000000000091,WIN,2.0,3,0.2999999999999545,3.099999999999909,1,2.0,half,0.0
2024-02-21,1100,UP,2024-02-21 11:10:00,2035.5,2034.9,2036.7000000000003,5.9999999999990905,6.000000000001364,WIN,2.0,1,0.16666666666654034,2.3333333333338384,1,2.0,half,0.0
2024-02-22,1100,UP,2024-02-22 11:35:00,2037.8,2037.0,2040.1999999999996,7.999999999999545,11.999999999998181,LOSS,-0.6666666666667298,6,1.0,0.7500000000002132,1,2.0,half,0.0
2024-02-23,1100,UP,2024-02-23 11:10:00,2036.3,2034.9,2039.8999999999999,13.999999999998636,17.999999999999545,LOSS,-0.7777777777777216,1,1.2857142857143786,0.07142857142867584,1,2.0,half,0.0
2024-02-26,1100,UP,2024-02-26 11:10:00,2041.9,2040.5,2045.1,14.00000000000091,15.99999999999909,LOSS,-0.8750000000001066,1,1.2142857142856678,1.4285714285713358,1,2.0,half,0.0
2024-02-27,1100,UP,2024-02-27 11:10:00,2042.1,2040.9,2043.6999999999998,11.999999999998181,7.999999999999545,WIN,2.0,1,0.4166666666667298,1.3333333333336492,1,2.0,half,0.0
2024-02-28,1100,UP,2024-02-28 11:10:00,2039.9,2039.25,2042.1,6.5000000000009095,10.99999999999909,WIN,2.0,1,0.1538461538463422,3.5384615384609734,1,2.0,half,0.0
2024-02-29,1100,UP,2024-02-29 11:30:00,2043.6,2042.75,2045.4,8.49999999999909,9.00000000000091,WIN,2.0,5,0.23529411764687,2.11764705882397,1,2.0,half,0.0
2024-03-01,1100,UP,2024-03-01 11:35:00,2052.7,2052.15,2054.0999999999995,5.4999999999972715,6.999999999998181,WIN,2.0,6,0.7272727272724266,2.72727272727408,1,2.0,half,0.0
2024-03-04,1100,DOWN,2024-03-04 11:10:00,2089.7,2090.8,2087.2999999999993,11.000000000003638,12.000000000002728,LOSS,-0.9166666666667614,1,1.1818181818179563,1.4545454545448908,1,2.0,half,0.0
2024-03-05,1100,DOWN,2024-03-05 11:10:00,2122.4,2123.4,2120.4,10.0,10.0,WIN,2.0,1,0.29999999999972715,2.400000000000091,1,2.0,half,0.0
2024-03-06,1100,DOWN,2024-03-06 11:10:00,2134.7,2135.55,2132.5,8.500000000003638,10.99999999999909,WIN,2.0,1,0.9411764705880464,3.0588235294103487,1,2.0,half,0.0
2024-03-07,1100,DOWN,2024-03-07 11:15:00,2152.9,2154.95,2146.7000000000003,20.49999999999727,30.99999999999909,LOSS,-0.6612903225805765,2,3.170731707317495,0.5853658536587476,1,2.0,half,0.0
2024-03-08,1100,DOWN,2024-03-08 11:10:00,2166.4,2168.3500000000004,2164.2000000000003,19.50000000000273,10.99999999999909,WIN,2.0,1,0.3589743589742155,1.4358974358973282,1,2.0,half,0.0
2024-03-11,1100,DOWN,2024-03-11 11:15:00,2189.0,2191.6,2182.6000000000004,25.99999999999909,31.99999999999818,NO_TRADE,0.0,2,0.1538461538461942,2.2307692307693787,1,2.0,half,0.0
2024-03-12,1100,UP,2024-03-12 11:10:00,2187.5,2186.95,2189.3,5.500000000001819,9.00000000000091,LOSS,-0.6111111111112515,1,1.4545454545453043,1.0909090909085648,1,2.0,half,0.0
2024-03-13,1100,DOWN,2024-03-13 11:25:00,2163.0,2164.1499999999996,2161.2,11.499999999996362,9.00000000000091,LOSS,-1.2777777777772443,4,1.1304347826092114,0.4347826086957897,1,2.0,half,0.0
2024-03-14,1100,DOWN,2024-03-14 11:10:00,2179.5,2180.8,2177.0999999999995,13.000000000001819,12.000000000002728,WIN,2.0,1,0.461538461538327,2.1538461538459925,1,2.0,half,0.0
2024-03-15,1100,UP,2024-03-15 11:10:00,2168.4,2167.1499999999996,2170.6,12.500000000004547,10.99999999999909,LOSS,-1.1363636363641438,1,1.1999999999995634,1.2799999999994616,1,2.0,half,0.0
2024-03-18,1100,DOWN,2024-03-18 11:10:00,2156.3,2158.8,2152.3,25.0,20.0,WIN,2.0,1,0.15999999999985448,2.6400000000001453,1,2.0,half,0.0
2024-03-19,1100,UP,2024-03-19 11:15:00,2165.1,2164.1499999999996,2167.2999999999997,9.500000000002728,10.99999999999909,LOSS,-0.8636363636366831,2,1.157894736841677,0.3157894736843113,1,2.0,half,0.0
2024-03-20,1100,UP,2024-03-20 11:10:00,2161.1,2160.1499999999996,2163.2999999999997,9.500000000002728,10.99999999999909,WIN,2.0,1,0.8421052631573657,2.4210526315784433,1,2.0,half,0.0
2024-03-21,1100,UP,2024-03-21 11:10:00,2210.8,2201.95,2217.3999999999996,88.50000000000364,32.99999999999727,NO_TRADE,0.0,1,0.8361581920903713,0.12429378531071908,1,2.0,half,0.0
2024-03-22,1100,DOWN,2024-03-22 11:35:00,2182.9,2186.05,2179.4999999999995,31.50000000000091,17.00000000000273,WIN,2.0,6,0.44444444444446046,1.7777777777776975,1,2.0,half,0.0
2024-03-25,1100,UP,2024-03-25 11:15:00,2172.2,2166.2,2175.3999999999996,60.0,15.99999999999909,WIN,2.0,2,0.01666666666665151,0.6000000000000606,1,2.0,half,0.0
2024-03-26,1100,DOWN,2024-03-26 11:25:00,2171.8,2173.35,2166.4000000000005,15.499999999997272,26.99999999999818,LOSS,-0.5740740740740117,4,1.1612903225806737,2.25806451612943,1,2.0,half,0.0
2024-03-27,1100,DOWN,2024-03-27 11:30:00,2197.7,2199.05,2193.5,13.500000000003638,20.99999999999909,WIN,2.0,5,0.22222222222229707,3.111111111110138,1,2.0,half,0.0
2024-03-28,1100,DOWN,2024-03-28 11:10:00,2208.2,2209.5,2206.2,13.000000000001819,10.0,LOSS,-1.300000000000182,1,1.3846153846153308,0.0,1,2.0,half,0.0
2024-04-01,1100,UP,2024-04-01 13:35:00,2282.7,2275.25,2297.7,74.49999999999818,95.0,NO_TRADE,0.0,30,0.5369127516778655,0.5100671140939966,1,2.0,half,0.0
2024-04-02,1100,DOWN,2024-04-02 11:15:00,2268.1,2269.6000000000004,2263.2999999999997,15.000000000004547,24.00000000000091,LOSS,-0.6250000000001658,2,1.2666666666663433,0.6666666666664646,1,2.0,half,0.0
2024-04-03,1100,DOWN,2024-04-03 11:10:00,2298.1,2302.1,2292.1,40.0,30.0,LOSS,-1.3333333333333333,1,1.1000000000000227,0.27499999999997726,1,2.0,half,0.0
2024-04-04,1100,DOWN,2024-04-04 11:10:00,2318.3,2322.4,2308.3,40.99999999999909,50.0,LOSS,-0.8199999999999819,1,1.073170731707252,0.21951219512197828,1,2.0,half,0.0
2024-04-05,1100,DOWN,2024-04-05 11:10:00,2295.9,2301.2,2289.9,52.99999999999727,30.0,WIN,2.0,1,0.0754716981132286,1.7735849056604858,1,2.0,half,0.0
2024-04-08,1100,UP,2024-04-08 11:15:00,2328.9,2323.8,2337.3000000000006,50.99999999999909,42.00000000000273,WIN,2.0,2,0.29411764705882876,1.7058823529411713,1,2.0,half,0.0
2024-04-09,1100,UP,2024-04-09 11:10:00,2362.0,2358.4,2370.0,35.99999999999909,40.0,LOSS,-0.8999999999999773,1,1.1666666666666456,1.500000000000063,1,2.0,half,0.0
2024-04-10,1100,DOWN,2024-04-10 11:10:00,2364.6,2368.5,2356.2000000000003,39.00000000000091,41.99999999999818,LOSS,-0.9285714285714904,1,1.0,0.25641025641025045,1,2.0,half,0.0
2024-04-11,1100,UP,2024-04-11 11:10:00,2355.7,2352.6,2361.3,30.99999999999909,28.00000000000182,WIN,2.0,1,0.03225806451610064,2.064516129032348,1,2.0,half,0.0
2024-04-12,1100,UP,2024-04-12 11:45:00,2406.4,2400.85,2421.4,55.50000000000182,95.0,LOSS,-0.5842105263158086,8,1.1171171171171297,1.1351351351350487,1,2.0,half,0.0
2024-04-15,1100,UP,2024-04-15 12:05:00,2376.4,2370.65,2389.0000000000005,57.5,63.00000000000182,LOSS,-0.9126984126983864,12,1.4086956521738971,0.7999999999999842,1,2.0,half,0.0
2024-04-16,1100,DOWN,2024-04-16 11:10:00,2397.5,2401.5,2389.5,40.0,40.0,LOSS,-1.0,1,1.5499999999999545,0.47500000000002274,1,2.0,half,0.0
2024-04-17,1100,DOWN,2024-04-17 11:15:00,2399.0,2400.3,2394.2,13.000000000001819,24.00000000000091,LOSS,-0.5416666666667219,2,1.3846153846153308,1.2307692307689886,1,2.0,half,0.0
2024-04-18,1100,DOWN,2024-04-18 11:20:00,2383.1,2385.65,2377.7000000000003,25.50000000000182,26.99999999999818,LOSS,-0.9444444444445754,3,1.1764705882352102,1.6862745098036942,1,2.0,half,0.0
2024-04-19,1100,UP,2024-04-19 11:10:00,2404.1,2396.5,2415.7000000000003,75.99999999999909,58.00000000000182,WIN,2.0,1,0.3157894736842263,2.7368421052632144,1,2.0,half,0.0
2024-04-22,1100,DOWN,2024-04-22 11:20:00,2394.0,2396.1000000000004,2389.2,21.000000000003638,24.00000000000091,WIN,2.0,3,0.4761904761903937,2.4761904761899607,1,2.0,half,0.0
2024-04-23,1100,UP,2024-04-23 11:10:00,2347.5,2346.05,2351.3,14.499999999998181,19.00000000000091,LOSS,-0.7631578947367098,1,1.4482758620690845,0.27586206896561455,1,2.0,half,0.0
2024-04-24,1100,UP,2024-04-24 11:15:00,2335.0,2331.9,2345.0,30.99999999999909,50.0,LOSS,-0.6199999999999818,2,1.2580645161290984,0.548387096774151,1,2.0,half,0.0
2024-04-25,1100,DOWN,2024-04-25 11:10:00,2328.0,2330.7,2325.5999999999995,26.99999999999818,12.000000000002728,LOSS,-2.249999999999337,1,1.1851851851851976,0.07407407407401169,1,2.0,half,0.0
2024-04-26,1100,UP,2024-04-26 11:30:00,2343.3,2340.05,2350.7000000000007,32.5,37.00000000000273,WIN,2.0,5,0.3692307692308532,2.4615384615384617,1,2.0,half,0.0
2024-04-29,1100,UP,2024-04-29 14:15:00,2343.8,2339.5,2358.8,43.00000000000182,80.0,LOSS,-0.5375000000000227,38,1.0697674418605045,0.8837209302324573,1,2.0,half,0.0
2024-04-30,1100,DOWN,2024-04-30 11:10:00,2344.4,2345.7,2341.2000000000003,12.999999999997272,15.99999999999909,LOSS,-0.8124999999998757,1,1.6153846153848845,0.3076923076924422,1,2.0,half,0.0
2024-05-01,1100,UP,2024-05-01 11:45:00,2299.3,2297.9,2303.7,14.00000000000091,21.99999999999818,LOSS,-0.6363636363637303,8,1.2857142857143322,0.35714285714283395,1,2.0,half,0.0
2024-05-02,1100,UP,2024-05-02 11:10:00,2335.2,2334.0,2339.2,11.999999999998181,20.0,LOSS,-0.599999999999909,1,1.0,0.33333333333345966,1,2.0,half,0.0
2024-05-03,1100,UP,2024-05-03 11:10:00,2314.0,2313.3,2316.4000000000005,6.999999999998181,12.000000000002728,LOSS,-0.5833333333330492,1,1.5714285714288498,0.2857142857141001,1,2.0,half,0.0
2024-05-06,1100,UP,2024-05-06 11:25:00,2316.8,2309.65,2331.8,71.50000000000091,103.00000000000182,NO_TRADE,0.0,4,0.32167832167834304,1.0489510489510356,1,2.0,half,0.0
2024-05-07,1100,DOWN,2024-05-07 11:10:00,2336.6,2337.35,2333.9999999999995,7.5,13.000000000001819,WIN,2.0,1,0.9333333333336972,3.5999999999997576,1,2.0,half,0.0
2024-05-08,1100,DOWN,2024-05-08 11:30:00,2317.1,2321.3,2312.6999999999994,42.00000000000273,22.00000000000273,LOSS,-1.9090909090907964,5,1.0238095238095006,0.6428571428570578,1,2.0,half,0.0
2024-05-09,1100,UP,2024-05-09 11:20:00,2317.7,2316.75,2319.499999999999,9.499999999998181,8.999999999996362,LOSS,-1.05555555555578,3,1.5789473684213549,1.4736842105266936,1,2.0,half,0.0
2024-05-10,1100,UP,2024-05-10 11:15:00,2360.9,2356.55,2371.4999999999995,43.49999999999909,52.99999999999727,LOSS,-0.8207547169811572,2,1.1034482758621338,0.4137931034482218,1,2.0,half,0.0
2024-05-13,1100,DOWN,2024-05-13 11:10:00,2365.6,2369.0,2359.9999999999995,34.00000000000091,28.00000000000182,WIN,2.0,1,0.23529411764710603,1.7352941176470391,1,2.0,half,0.0
2024-05-14,1100,UP,2024-05-14 11:10:00,2346.1,2343.45,2351.9,26.50000000000091,29.00000000000091,LOSS,-0.9137931034482786,1,1.1320754716980743,0.26415094339632034,1,2.0,half,0.0
2024-05-15,1100,UP,2024-05-15 11:25:00,2362.2,2361.2,2365.0,10.0,14.00000000000091,WIN,2.0,4,0.29999999999972715,3.0,1,2.0,half,0.0
2024-05-16,1100,DOWN,2024-05-16 11:10:00,2398.9,2400.75,2392.2999999999997,18.49999999999909,33.00000000000182,LOSS,-0.5606060606060022,1,1.7297297297297165,0.10810810810826091,1,2.0,half,0.0
2024-05-17,1100,DOWN,2024-05-17 11:10:00,2381.0,2382.2,2377.8,11.999999999998181,15.99999999999909,LOSS,-0.749999999999929,1,1.0833333333336492,1.0833333333336492,1,2.0,half,0.0
2024-05-20,1100,UP,2024-05-20 15:25:00,2444.0,2436.85,2459.0,71.50000000000091,136.99999999999818,LOSS,-0.5218978102189916,52,1.1328671328671058,1.426573426573383,1,2.0,half,0.0
2024-05-21,1100,DOWN,2024-05-21 11:30:00,2430.0,2433.55,2420.2,35.50000000000182,49.00000000000091,WIN,2.0,5,0.9014084507041279,2.957746478873088,1,2.0,half,0.0
2024-05-22,1100,DOWN,2024-05-22 11:35:00,2423.1,2424.8999999999996,2416.2999999999997,17.99999999999727,34.00000000000091,LOSS,-0.529411764705788,6,1.444444444444613,0.0,1,2.0,half,0.0
2024-05-23,1100,DOWN,2024-05-23 11:10:00,2377.2,2382.45,2373.0,52.5,20.99999999999909,WIN,2.0,1,0.4000000000000693,1.2761904761904415,1,2.0,half,0.0
2024-05-24,1100,UP,2024-05-24 11:15:00,2334.0,2330.6499999999996,2339.8,33.50000000000364,29.00000000000091,LOSS,-1.1551724137931927,2,1.194029850746139,0.7462686567163369,1,2.0,half,0.0
2024-05-27,1100,UP,2024-05-27 11:10:00,2340.8,2337.35,2346.2,34.50000000000273,26.99999999999818,WIN,2.0,1,0.6956521739130148,2.0579710144925647,1,2.0,half,0.0
2024-05-28,1100,DOWN,2024-05-28 11:10:00,2351.1,2353.6,2347.1,25.0,20.0,LOSS,-1.25,1,1.080000000000109,0.4,1,2.0,half,0.0
2024-05-29,1100,DOWN,2024-05-29 11:40:00,2356.8,2358.25,2351.4000000000005,14.499999999998181,26.99999999999818,LOSS,-0.5370370370370059,7,1.0344827586208194,0.20689655172428933,1,2.0,half,0.0
2024-05-30,1100,UP,2024-05-30 11:10:00,2360.9,2358.3,2365.7000000000003,25.99999999999909,24.00000000000091,LOSS,-1.0833333333332544,1,1.6538461538462816,0.3076923076922135,1,2.0,half,0.0
2024-05-31,1100,DOWN,2024-05-31 11:10:00,2366.2,2367.75,2361.2,15.500000000001819,25.0,LOSS,-0.6200000000000727,1,1.2903225806450098,1.2903225806450098,1,2.0,half,0.0
2024-06-03,1100,UP,2024-06-03 11:15:00,2350.3,2348.05,2353.3,22.5,15.0,LOSS,-1.5,2,1.1555555555557173,0.5333333333332525,1,2.0,half,0.0
2024-06-04,1100,DOWN,2024-06-04 11:10:00,2369.3,2371.6,2364.9000000000005,22.99999999999727,21.99999999999818,WIN,2.0,1,0.043478260869530834,2.47826086956563,1,2.0,half,0.0
2024-06-05,1100,UP,2024-06-05 11:40:00,2348.8,2346.75,2355.000000000001,20.50000000000182,31.000000000003638,WIN,2.0,7,0.2439024390243686,3.658536585365529,1,2.0,half,0.0
2024-06-06,1100,UP,2024-06-06 11:10:00,2383.0,2376.7,2391.8,63.00000000000182,44.00000000000091,WIN,2.0,1,0.46031746031746146,1.6349206349206167,1,2.0,half,0.0
2024-06-07,1100,DOWN,2024-06-07 11:10:00,2392.8,2397.85,2387.8,50.49999999999727,25.0,LOSS,-2.0199999999998908,1,1.089108910891148,0.8712871287129363,1,2.0,half,0.0
2024-06-10,1100,DOWN,2024-06-10 11:10:00,2311.9,2313.25,2308.5000000000005,13.49999999999909,16.99999999999818,LOSS,-0.794117647058855,1,1.3333333333332211,0.5925925925927673,1,2.0,half,0.0
2024-06-11,1100,DOWN,2024-06-11 11:55:00,2320.1,2324.15,2305.1,40.50000000000182,76.99999999999818,NO_TRADE,0.0,10,0.3950617283950215,1.3580246913579637,1,2.0,half,0.0
2024-06-12,1100,DOWN,2024-06-12 11:10:00,2329.1,2330.0,2327.1,9.00000000000091,10.0,LOSS,-0.900000000000091,1,1.1111111111109988,0.6666666666664982,1,2.0,half,0.0
2024-06-13,1100,DOWN,2024-06-13 11:10:00,2331.5,2336.5,2327.8999999999996,50.0,18.00000000000182,WIN,2.0,1,0.06000000000003638,1.0800000000000183,1,2.0,half,0.0
2024-06-14,1100,UP,2024-06-14 11:10:00,2321.4,2319.7,2324.2000000000003,17.00000000000273,14.00000000000091,LOSS,-1.2142857142858303,1,1.882352941176329,0.4705882352938816,1,2.0,half,0.0
2024-06-17,1100,UP,2024-06-17 11:15:00,2342.5,2339.55,2351.0999999999995,29.49999999999818,42.99999999999727,LOSS,-0.6860465116279082,2,1.0847457627118697,0.5084745762712178,1,2.0,half,0.0
2024-06-18,1100,DOWN,2024-06-18 11:10:00,2336.6,2339.15,2331.6,25.50000000000182,25.0,LOSS,-1.0200000000000728,1,1.1764705882352102,1.0196078431371465,1,2.0,half,0.0
2024-06-19,1100,DOWN,2024-06-19 11:10:00,2341.6,2343.75,2339.399999999999,21.50000000000091,11.000000000003638,LOSS,-1.9545454545448908,1,1.023255813953572,0.18604651162794142,1,2.0,half,0.0
2024-06-20,1100,UP,2024-06-20 11:30:00,2349.3,2345.8,2358.5,35.0,45.99999999999909,LOSS,-0.7608695652174063,5,1.0,1.0857142857142077,1,2.0,half,0.0
2024-06-21,1100,DOWN,2024-06-21 11:10:00,2374.8,2376.55,2370.2000000000007,17.5,22.99999999999727,LOSS,-0.7608695652174816,1,1.0285714285712726,2.457142857142961,1,2.0,half,0.0
2024-06-24,1100,UP,2024-06-24 11:10:00,2335.0,2332.9,2341.3999999999996,20.99999999999909,31.99999999999818,LOSS,-0.6562500000000089,1,1.4285714285714903,1.7619047619047516,1,2.0,half,0.0
2024-06-25,1100,DOWN,2024-06-25 11:15:00,2341.0,2342.65,2338.0,16.50000000000091,15.0,WIN,2.0,2,0.0,2.3030303030302863,1,2.0,half,0.0
2024-06-26,1100,UP,2024-06-26 11:10:00,2332.0,2329.6000000000004,2336.8,23.999999999996362,24.00000000000091,LOSS,-0.9999999999998105,1,3.416666666667109,0.25,1,2.0,half,0.0
2024-06-27,1100,DOWN,2024-06-27 11:35:00,2308.8,2309.8,2306.0,10.0,14.00000000000091,LOSS,-0.7142857142856679,6,1.099999999999909,1.300000000000182,1,2.0,half,0.0
2024-06-28,1100,DOWN,2024-06-28 11:10:00,2330.7,2332.35,2325.7,16.50000000000091,25.0,LOSS,-0.6600000000000363,1,2.6666666666665746,0.18181818181800644,1,2.0,half,0.0
2024-07-01,1100,UP,2024-07-01 11:10:00,2336.3,2334.95,2340.8999999999996,13.500000000003638,22.99999999999727,LOSS,-0.5869565217393582,1,1.259259259259122,1.851851851851353,1,2.0,half,0.0
2024-07-02,1100,DOWN,2024-07-02 11:10:00,2341.4,2342.65,2338.4,12.5,15.0,LOSS,-0.8333333333333334,1,1.2,0.7200000000000728,1,2.0,half,0.0
2024-07-03,1100,DOWN,2024-07-03 11:35:00,2338.2,2339.45,2334.0,12.5,20.99999999999909,LOSS,-0.595238095238121,6,1.6,0.31999999999970896,1,2.0,half,0.0
2024-07-04,1100,UP,2024-07-04 11:20:00,2368.5,2367.6000000000004,2371.7,8.999999999996362,15.99999999999909,LOSS,-0.5624999999998046,3,1.5555555555562854,3.0000000000010107,1,2.0,half,0.0
2024-07-05,1100,DOWN,2024-07-05 11:20:00,2366.2,2367.4,2363.8,12.000000000002728,11.999999999998181,LOSS,-1.000000000000379,3,1.0833333333332387,0.9166666666663824,1,2.0,half,0.0
2024-07-08,1100,UP,2024-07-08 11:10:00,2397.9,2394.05,2401.3000000000006,38.49999999999909,17.00000000000273,LOSS,-2.264705882352524,1,1.0649350649350664,0.33766233766227477,1,2.0,half,0.0
2024-07-09,1100,UP,2024-07-09 11:10:00,2371.2,2369.2,2374.3999999999996,20.0,15.99999999999909,LOSS,-1.250000000000071,1,1.5499999999999545,0.5500000000001819,1,2.0,half,0.0
2024-07-10,1100,DOWN,2024-07-10 11:10:00,2370.5,2371.1499999999996,2368.7,6.499999999996362,9.00000000000091,LOSS,-0.722222222221745,1,6.153846153849598,0.15384615384610004,1,2.0,half,0.0
2024-07-11,1100,DOWN,2024-07-11 11:20:00,2379.0,2379.95,2376.0,9.499999999998181,15.0,LOSS,-0.6333333333332121,3,2.210526315789801,0.0,1,2.0,half,0.0
2024-07-12,1100,DOWN,2024-07-12 11:15:00,2415.4,2417.75,2410.4,23.49999999999909,25.0,WIN,2.0,2,0.7659574468084241,2.8510638297874604,1,2.0,half,0.0
2024-07-15,1100,DOWN,2024-07-15 11:10:00,2410.1,2412.5,2405.3000000000006,24.00000000000091,23.999999999996362,LOSS,-1.0000000000001894,1,1.125000000000071,0.08333333333325438,1,2.0,half,0.0
2024-07-16,1100,UP,2024-07-16 11:10:00,2429.5,2426.8500000000004,2433.7,26.499999999996362,20.99999999999909,WIN,2.0,1,0.49056603773598506,1.6226415094342537,1,2.0,half,0.0
2024-07-17,1100,UP,2024-07-17 11:20:00,2482.0,2476.85,2497.0,51.50000000000091,75.0,LOSS,-0.6866666666666787,3,1.1456310679611625,1.02912621359225,1,2.0,half,0.0
2024-07-18,1100,UP,2024-07-18 11:10:00,2466.2,2462.1,2470.2,40.99999999999909,20.0,WIN,2.0,1,0.7804878048780217,1.2926829268293414,1,2.0,half,0.0
2024-07-19,1100,DOWN,2024-07-19 11:10:00,2428.6,2434.85,2417.9999999999995,62.5,53.00000000000182,WIN,2.0,1,0.56,1.8719999999999708,1,2.0,half,0.0
2024-07-22,1100,UP,2024-07-22 11:15:00,2411.6,2409.7,2418.0000000000005,19.00000000000091,32.00000000000273,LOSS,-0.5937499999999778,2,1.3157894736841476,1.473684210526341,1,2.0,half,0.0
2024-07-23,1100,UP,2024-07-23 11:20:00,2404.0,2400.8,2408.0,31.99999999999818,20.0,LOSS,-1.599999999999909,3,1.3750000000001066,0.40625000000007994,1,2.0,half,0.0
2024-07-24,1100,UP,2024-07-24 11:10:00,2412.9,2409.3,2416.4999999999995,35.99999999999909,17.99999999999727,LOSS,-2.0000000000002527,1,1.2222222222222783,0.05555555555550643,1,2.0,half,0.0
2024-07-25,1100,UP,2024-07-25 11:10:00,2397.6,2395.55,2404.1999999999994,20.49999999999727,32.99999999999727,LOSS,-0.6212121212120899,1,2.8780487804882324,0.0,1,2.0,half,0.0
2024-07-26,1100,UP,2024-07-26 11:20:00,2361.7,2359.8,2368.8999999999996,18.999999999996362,35.99999999999909,WIN,2.0,3,0.05263157894733063,4.0000000000009575,1,2.0,half,0.0
2024-07-29,1100,DOWN,2024-07-29 11:10:00,2396.1,2398.75,2385.899999999999,26.50000000000091,51.00000000000364,NO_TRADE,0.0,1,0.22641509433958054,3.1698113207546426,1,2.0,half,0.0
2024-07-30,1100,DOWN,2024-07-30 11:20:00,2424.0,2425.95,2419.0,19.49999999999818,25.0,LOSS,-0.7799999999999272,3,1.0256410256411213,1.333333333333411,1,2.0,half,0.0
2024-07-31,1100,UP,2024-07-31 11:40:00,2456.3,2452.75,2465.3,35.50000000000182,45.0,LOSS,-0.7888888888889293,7,1.183098591549312,0.056338028168959955,1,2.0,half,0.0
2024-08-01,1100,UP,2024-08-01 11:10:00,2496.5,2491.95,2501.9000000000005,45.50000000000182,27.00000000000273,WIN,2.0,1,0.3296703296703165,1.362637362637268,1,2.0,half,0.0
2024-08-05,1100,UP,2024-08-05 11:10:00,2474.4,2465.45,2487.8000000000006,89.50000000000273,67.00000000000273,WIN,2.0,1,0.44692737430166235,1.5642458100558183,1,2.0,half,0.0
2024-08-06,1100,UP,2024-08-06 11:10:00,2457.6,2455.9,2463.9999999999995,16.99999999999818,31.99999999999818,LOSS,-0.5312499999999734,1,2.17647058823542,0.58823529411771,1,2.0,half,0.0
2024-08-07,1100,DOWN,2024-08-07 11:15:00,2422.7,2426.3,2417.1000000000004,36.00000000000364,27.99999999999727,LOSS,-1.285714285714541,2,1.0277777777777497,1.055555555555373,1,2.0,half,0.0
2024-08-08,1100,DOWN,2024-08-08 11:30:00,2423.9,2426.3,2415.9,24.00000000000091,40.0,LOSS,-0.6000000000000227,5,1.1666666666665089,0.16666666666669824,1,2.0,half,0.0
2024-08-09,1100,DOWN,2024-08-09 11:10:00,2459.7,2462.0,2454.499999999999,23.00000000000182,26.000000000003638,LOSS,-0.8846153846153308,1,1.95652173913028,0.1304347826085667,1,2.0,half,0.0
2024-08-12,1100,DOWN,2024-08-12 11:35:00,2465.8,2467.7,2461.0,18.999999999996362,24.00000000000091,LOSS,-0.7916666666664851,6,1.2105263157895618,1.6315789473689248,1,2.0,half,0.0
2024-08-13,1100,DOWN,2024-08-13 11:10:00,2505.7,2512.2,2499.2999999999993,65.0,32.00000000000273,WIN,2.0,1,0.33846153846158045,1.0769230769230769,1,2.0,half,0.0
2024-08-14,1100,UP,2024-08-14 11:10:00,2507.9,2506.1000000000004,2513.1,17.99999999999727,25.99999999999909,LOSS,-0.6923076923076116,1,1.444444444444613,2.333333333333586,1,2.0,half,0.0
2024-08-15,1100,UP,2024-08-15 11:15:00,2490.1,2488.25,2496.7000000000003,18.49999999999909,33.00000000000182,LOSS,-0.5606060606060022,2,1.8378378378379774,0.16216216216226845,1,2.0,half,0.0
2024-08-16,1100,DOWN,2024-08-16 11:30:00,2494.0,2495.6,2489.6000000000004,15.99999999999909,21.99999999999818,LOSS,-0.7272727272727461,5,1.5625000000000888,0.5000000000001421,1,2.0,half,0.0
2024-08-19,1100,DOWN,2024-08-19 11:10:00,2536.2,2542.25,2524.8,60.50000000000182,56.99999999999818,LOSS,-1.0614035087719955,1,1.008264462809947,0.4462809917354937,1,2.0,half,0.0
2024-08-20,1100,DOWN,2024-08-20 11:10:00,2540.7,2543.8500000000004,2536.5,31.500000000005457,20.99999999999909,LOSS,-1.5000000000003249,1,1.0158730158729266,0.0,1,2.0,half,0.0
2024-08-21,1100,DOWN,2024-08-21 11:20:00,2550.5,2552.2,2545.3,16.99999999999818,25.99999999999909,LOSS,-0.6538461538461068,3,1.35294117647084,1.058823529411985,1,2.0,half,0.0
2024-08-22,1100,DOWN,2024-08-22 11:10:00,2548.0,2549.75,2544.2000000000007,17.5,18.999999999996362,WIN,2.0,1,0.9142857142856623,2.399999999999896,1,2.0,half,0.0
2024-08-23,1100,DOWN,2024-08-23 12:20:00,2523.9,2525.5,2517.9,15.99999999999909,30.0,LOSS,-0.533333333333303,15,1.0624999999999467,1.1250000000001776,1,2.0,half,0.0
2024-08-26,1100,UP,2024-08-26 11:20:00,2550.3,2549.1499999999996,2554.1000000000004,11.500000000005457,19.00000000000091,LOSS,-0.6052631578949951,3,1.5652173913037633,0.34782608695604034,1,2.0,half,0.0
2024-08-27,1100,DOWN,2024-08-27 11:10:00,2546.0,2547.65,2543.3999999999996,16.50000000000091,13.000000000001819,LOSS,-1.2692307692306617,1,1.7575757575757158,0.48484848484856835,1,2.0,half,0.0
2024-08-28,1100,DOWN,2024-08-28 11:10:00,2556.4,2558.25,2551.0000000000005,18.49999999999909,26.99999999999818,WIN,2.0,1,0.48648648648655957,2.9189189189191116,1,2.0,half,0.0
2024-08-29,1100,UP,2024-08-29 12:30:00,2547.9,2546.25,2552.5000000000005,16.50000000000091,23.00000000000182,LOSS,-0.7173913043478088,17,1.0303030303031389,0.18181818181800644,1,2.0,half,0.0
2024-08-30,1100,DOWN,2024-08-30 11:10:00,2548.9,2550.8500000000004,2546.7000000000003,19.50000000000273,10.99999999999909,LOSS,-1.7727272727276673,1,1.128205128204877,0.20512820512822308,1,2.0,half,0.0
2024-09-02,1100,UP,2024-09-02 11:20:00,2536.2,2533.1,2544.5999999999995,30.99999999999909,41.99999999999818,LOSS,-0.7380952380952484,3,2.1935483870967505,0.22580645161299787,1,2.0,half,0.0
2024-09-03,1100,DOWN,2024-09-03 11:10:00,2523.9,2526.95,2521.7000000000003,30.49999999999727,10.99999999999909,WIN,2.0,1,0.3606557377049205,0.8524590163934891,1,2.0,half,0.0
2024-09-04,1100,UP,2024-09-04 11:15:00,2524.8,2523.65,2527.4000000000005,11.50000000000091,13.000000000001819,LOSS,-0.8846153846153308,2,2.173913043478089,0.3478260869561779,1,2.0,half,0.0
2024-09-05,1100,UP,2024-09-05 11:10:00,2526.1,2525.1499999999996,2528.2999999999997,9.500000000002728,10.99999999999909,WIN,2.0,1,0.4210526315789222,3.684210526314731,1,2.0,half,0.0
2024-09-06,1100,DOWN,2024-09-06 11:15:00,2544.9,2546.0,2542.9,10.99999999999909,10.0,WIN,2.0,2,0.6363636363635237,1.9090909090909842,1,2.0,half,0.0
2024-09-09,1100,UP,2024-09-09 11:40:00,2527.1,2525.1499999999996,2532.9,19.50000000000273,29.00000000000091,LOSS,-0.6724137931035212,7,1.435897435897095,1.1794871794871078,1,2.0,half,0.0
2024-09-10,1100,DOWN,2024-09-10 11:30:00,2533.1,2534.0,2529.899999999999,9.00000000000091,16.000000000003638,WIN,2.0,5,0.6666666666664982,3.666666666665993,1,2.0,half,0.0
2024-09-11,1100,UP,2024-09-11 11:10:00,2546.0,2544.65,2549.0,13.49999999999909,15.0,WIN,2.0,1,0.7407407407407907,2.5185185185187557,1,2.0,half,0.0
2024-09-12,1100,UP,2024-09-12 11:10:00,2541.9,2540.5,2545.9,14.00000000000091,20.0,LOSS,-0.7000000000000455,1,1.0,0.9285714285711734,1,2.0,half,0.0
2024-09-13,1100,DOWN,2024-09-13 11:20:00,2588.7,2591.15,2583.3,24.50000000000273,26.99999999999818,LOSS,-0.9074074074075696,3,1.3061224489795578,0.08163265306114116,1,2.0,half,0.0
2024-09-16,1100,DOWN,2024-09-16 11:10:00,2608.4,2609.5,2606.0000000000005,10.99999999999909,11.999999999998181,LOSS,-0.9166666666667298,1,1.2727272727274606,0.636363636363937,1,2.0,half,0.0
2024-09-17,1100,DOWN,2024-09-17 11:10:00,2606.4,2607.45,2603.8000000000006,10.499999999997272,12.999999999997272,LOSS,-0.8076923076922673,1,1.1428571428572667,0.9523809523811999,1,2.0,half,0.0
2024-09-18,1100,DOWN,2024-09-18 12:00:00,2597.4,2600.7,2588.9999999999995,32.99999999999727,42.00000000000273,LOSS,-0.7857142857141697,11,1.0,0.3030303030303281,1,2.0,half,0.0
2024-09-19,1100,DOWN,2024-09-19 11:30:00,2576.9,2581.1,2567.2999999999997,41.99999999999818,48.00000000000182,LOSS,-0.874999999999929,5,1.5,0.3809523809523758,1,2.0,half,0.0
2024-09-20,1100,DOWN,2024-09-20 11:15:00,2610.3,2612.75,2606.9000000000005,24.49999999999818,16.99999999999818,LOSS,-1.4411764705882826,2,1.0204081632653819,0.3673469387755746,1,2.0,half,0.0
2024-09-23,1100,UP,2024-09-23 11:10:00,2644.3,2641.85,2648.9000000000005,24.50000000000273,23.00000000000182,WIN,2.0,1,0.9387755102040514,2.6122448979587443,1,2.0,half,0.0
2024-09-24,1100,UP,2024-09-24 11:10:00,2653.9,2650.75,2658.100000000001,31.50000000000091,21.000000000003638,WIN,2.0,1,0.7936507936507707,1.6507936507935455,1,2.0,half,0.0
2024-09-25,1100,DOWN,2024-09-25 11:10:00,2685.2,2686.4,2680.8,12.000000000002728,21.99999999999818,WIN,2.0,1,0.5833333333334281,4.583333333332291,1,2.0,half,0.0
2024-09-26,1100,UP,2024-09-26 11:10:00,2684.1,2683.2,2687.2999999999997,9.00000000000091,15.99999999999909,LOSS,-0.5625000000000888,1,2.111111111110999,0.22222222222250293,1,2.0,half,0.0
2024-09-27,1100,UP,2024-09-27 11:10:00,2693.0,2691.45,2695.5999999999995,15.500000000001819,12.999999999997272,LOSS,-1.1923076923080824,1,1.3548387096772017,1.4838709677418787,1,2.0,half,0.0
2024-09-30,1100,DOWN,2024-09-30 11:10:00,2681.7,2684.05,2673.8999999999996,23.500000000003638,39.00000000000091,WIN,2.0,1,0.5531914893616939,5.489361702126655,1,2.0,half,0.0
2024-10-01,1100,UP,2024-10-01 11:20:00,2658.9,2657.7,2662.1,12.000000000002728,15.99999999999909,LOSS,-0.7500000000002132,3,1.0,2.249999999999337,1,2.0,half,0.0
2024-10-02,1100,UP,2024-10-02 11:15:00,2679.8,2678.9,2682.2,9.00000000000091,11.999999999998181,WIN,2.0,2,0.0,3.666666666665993,1,2.0,half,0.0
2024-10-03,1100,DOWN,2024-10-03 11:10:00,2677.5,2678.1,2675.5,5.9999999999990905,10.0,LOSS,-0.599999999999909,1,3.1666666666672985,0.0,1,2.0,half,0.0
2024-10-04,1100,UP,2024-10-04 11:20:00,2678.3,2676.8500000000004,2680.1000000000004,14.499999999998181,9.00000000000091,LOSS,-1.6111111111107461,3,1.1034482758624582,0.06896551724132524,1,2.0,half,0.0
2024-10-07,1100,DOWN,2024-10-07 11:10:00,2668.5,2669.75,2663.8999999999996,12.5,23.00000000000182,LOSS,-0.5434782608695222,1,1.2,0.47999999999992726,1,2.0,half,0.0
2024-10-08,1100,DOWN,2024-10-08 11:30:00,2657.3,2660.8,2648.5,35.0,44.00000000000091,LOSS,-0.795454545454529,5,1.1428571428571428,0.14285714285714285,1,2.0,half,0.0
2024-10-09,1100,DOWN,2024-10-09 11:10:00,2638.9,2639.95,2635.9,10.499999999997272,15.0,LOSS,-0.6999999999998181,1,2.761904761905566,0.19047619047649983,1,2.0,half,0.0
2024-10-10,1100,UP,2024-10-10 11:25:00,2628.1,2627.1000000000004,2630.9,9.999999999995453,14.00000000000091,LOSS,-0.714285714285343,4,3.7000000000015008,0.0,1,2.0,half,0.0
2024-10-11,1100,UP,2024-10-11 11:50:00,2653.9,2652.15,2658.5000000000005,17.5,23.00000000000182,LOSS,-0.7608695652173312,9,1.0285714285715326,0.7428571428569869,1,2.0,half,0.0
2024-10-14,1100,UP,2024-10-14 11:25:00,2664.9,2662.2,2671.3000000000006,27.00000000000273,32.00000000000273,LOSS,-0.8437500000000133,4,1.2962962962961653,0.2222222222221661,1,2.0,half,0.0
2024-10-15,1100,UP,2024-10-15 11:25:00,2666.7,2665.1,2671.0999999999995,15.99999999999909,21.99999999999818,LOSS,-0.7272727272727461,4,1.3749999999999645,0.6875000000002665,1,2.0,half,0.0
2024-10-16,1100,UP,2024-10-16 11:10:00,2680.3,2677.9,2686.3,24.00000000000091,30.0,LOSS,-0.8000000000000304,1,1.1666666666666983,0.49999999999990524,1,2.0,half,0.0
2024-10-17,1100,UP,2024-10-17 11:15:00,2694.4,2693.2,2697.6,12.000000000002728,15.99999999999909,LOSS,-0.7500000000002132,2,1.3333333333329545,0.1666666666664772,1,2.0,half,0.0
2024-10-18,1100,UP,2024-10-18 11:10:00,2712.8,2709.7,2720.0,31.000000000003638,35.99999999999909,WIN,2.0,1,0.4193548387096869,2.4193548387093937,1,2.0,half,0.0
2024-10-21,1100,UP,2024-10-21 11:10:00,2743.5,2737.65,2750.5,58.49999999999909,35.0,NO_TRADE,0.0,1,0.8205128205128643,0.717948717948698,1,2.0,half,0.0
2024-10-22,1100,UP,2024-10-22 11:15:00,2741.1,2739.1499999999996,2744.9,19.50000000000273,19.00000000000091,WIN,2.0,2,0.0,2.051282051281764,1,2.0,half,0.0
2024-10-23,1100,DOWN,2024-10-23 11:20:00,2758.0,2759.55,2755.4000000000005,15.500000000001819,12.999999999997272,WIN,2.0,3,0.0,2.8387096774190805,1,2.0,half,0.0
2024-10-24,1100,UP,2024-10-24 11:10:00,2736.0,2734.15,2740.6000000000004,18.49999999999909,23.00000000000182,LOSS,-0.8043478260868534,1,1.0810810810811342,2.1621621621622684,1,2.0,half,0.0
2024-10-25,1100,UP,2024-10-25 11:10:00,2746.9,2744.35,2750.2999999999997,25.50000000000182,16.99999999999818,LOSS,-1.5000000000002676,1,1.4509803921568662,0.1568627450980637,1,2.0,half,0.0
2024-10-28,1100,DOWN,2024-10-28 11:10:00,2739.6,2742.9,2731.2000000000003,33.00000000000182,41.99999999999818,LOSS,-0.7857142857143631,1,1.3939393939392895,0.818181818181718,1,2.0,half,0.0
2024-10-29,1100,UP,2024-10-29 11:10:00,2760.9,2758.85,2765.5000000000005,20.50000000000182,23.00000000000182,WIN,2.0,1,0.8292682926829863,3.512195121950819,1,2.0,half,0.0
2024-10-30,1100,DOWN,2024-10-30 11:10:00,2790.2,2791.2,2786.6000000000004,10.0,17.99999999999727,LOSS,-0.5555555555556397,1,1.2000000000002728,1.0,1,2.0,half,0.0
2024-10-31,1100,DOWN,2024-10-31 11:15:00,2798.2,2799.45,2794.0,12.5,20.99999999999909,LOSS,-0.595238095238121,2,1.8400000000001455,0.0,1,2.0,half,0.0
2024-11-01,1100,UP,2024-11-01 11:10:00,2756.8,2755.45,2760.2000000000007,13.500000000003638,17.00000000000273,LOSS,-0.7941176470589101,1,1.1851851851851354,0.07407407407398674,1,2.0,half,0.0
2024-11-04,1100,DOWN,2024-11-04 11:10:00,2745.9,2748.75,2738.100000000001,28.49999999999909,38.99999999999636,LOSS,-0.7307692307692756,1,1.1578947368420465,0.0701754385965892,1,2.0,half,0.0
2024-11-05,1100,DOWN,2024-11-05 11:25:00,2742.4,2743.5,2738.7999999999997,10.99999999999909,18.00000000000182,LOSS,-0.6111111111109988,4,1.0909090909090158,0.7272727272729528,1,2.0,half,0.0
2024-11-06,1100,UP,2024-11-06 11:10:00,2747.9,2745.25,2757.6999999999994,26.50000000000091,48.99999999999636,WIN,2.0,1,0.26415094339632034,3.7735849056602477,1,2.0,half,0.0
2024-11-07,1100,DOWN,2024-11-07 11:10:00,2665.4,2669.55,2658.4,41.50000000000091,35.0,WIN,2.0,1,0.048192771084292464,1.9759036144578537,1,2.0,half,0.0
2024-11-08,1100,DOWN,2024-11-08 11:10:00,2707.2,2712.45,2697.3999999999996,52.5,49.00000000000091,WIN,2.0,1,0.6095238095238615,2.114285714285697,1,2.0,half,0.0
2024-11-11,1100,DOWN,2024-11-11 11:10:00,2684.6,2689.25,2672.8000000000006,46.50000000000091,58.99999999999636,NO_TRADE,0.0,1,0.1505376344086579,2.473118279569844,1,2.0,half,0.0
2024-11-12,1100,DOWN,2024-11-12 11:15:00,2627.8,2630.55,2622.8,27.5,25.0,LOSS,-1.1,2,2.0,1.0181818181818842,1,2.0,half,0.0
2024-11-13,1100,UP,2024-11-13 11:10:00,2608.6,2606.8,2614.1999999999994,17.99999999999727,27.99999999999727,WIN,2.0,1,0.0,3.2777777777783252,1,2.0,half,0.0
2024-11-14,1100,DOWN,2024-11-14 11:35:00,2570.6,2574.1499999999996,2558.4,35.49999999999727,60.99999999999909,WIN,2.0,6,0.9014084507043715,3.4929577464791675,1,2.0,half,0.0
2024-11-15,1100,UP,2024-11-15 11:10:00,2574.7,2572.2,2580.2999999999993,25.0,27.99999999999727,LOSS,-0.8928571428572298,1,1.6,0.3200000000000728,1,2.0,half,0.0
2024-11-18,1100,UP,2024-11-18 11:15:00,2586.0,2583.3999999999996,2595.2,26.000000000003638,45.99999999999909,WIN,2.0,2,0.1153846153846692,4.8461538461531335,1,2.0,half,0.0
2024-11-19,1100,UP,2024-11-19 11:10:00,2621.8,2618.3500000000004,2625.6000000000004,34.49999999999818,19.00000000000091,LOSS,-1.8157894736840279,1,1.3333333333335091,0.08695652173905594,1,2.0,half,0.0
2024-11-20,1100,DOWN,2024-11-20 11:25:00,2639.7,2642.75,2631.9000000000005,30.50000000000182,38.99999999999636,LOSS,-0.7820512820514016,4,1.1803278688525078,0.32786885245899683,1,2.0,half,0.0
2024-11-21,1100,DOWN,2024-11-21 11:10:00,2657.5,2661.05,2648.9000000000005,35.50000000000182,42.99999999999727,LOSS,-0.8255813953489319,1,1.154929577464704,1.267605633802752,1,2.0,half,0.0
2024-11-22,1100,UP,2024-11-22 11:50:00,2681.3,2677.5,2690.9000000000005,38.00000000000182,48.00000000000182,WIN,2.0,9,0.447368421052682,2.842105263157687,1,2.0,half,0.0
2024-11-25,1100,DOWN,2024-11-25 11:15:00,2703.5,2708.75,2688.5,52.5,81.00000000000364,WIN,2.0,2,0.5714285714285714,2.9333333333333504,1,2.0,half,0.0
2024-11-26,1100,UP,2024-11-26 11:15:00,2628.8,2621.6499999999996,2643.0,71.50000000000546,70.99999999999909,LOSS,-1.0070422535212165,2,1.0209790209789684,0.5314685314684527,1,2.0,half,0.0
2024-11-27,1100,UP,2024-11-27 11:20:00,2657.2,2653.5,2662.4000000000005,36.99999999999818,26.000000000003638,LOSS,-1.423076923076654,3,1.108108108108138,0.24324324324327978,1,2.0,half,0.0
2024-11-28,1100,DOWN,2024-11-28 11:10:00,2651.9,2657.8,2641.1,59.00000000000091,54.00000000000091,LOSS,-1.092592592592591,1,1.0338983050847144,1.305084745762738,1,2.0,half,0.0
2024-11-29,1100,UP,2024-11-29 11:10:00,2665.1,2659.1,2671.4999999999995,60.0,31.99999999999818,WIN,2.0,1,0.08333333333333333,1.216666666666697,1,2.0,half,0.0
2024-12-02,1100,DOWN,2024-12-02 11:15:00,2651.6,2657.7,2640.0000000000005,60.99999999999909,57.99999999999727,LOSS,-1.0517241379310682,2,1.2622950819672767,1.0327868852458724,1,2.0,half,0.0
2024-12-03,1100,UP,2024-12-03 11:10:00,2666.9,2665.1000000000004,2672.1,17.99999999999727,25.99999999999909,LOSS,-0.6923076923076116,1,1.444444444444613,0.7777777777779462,1,2.0,half,0.0
2024-12-04,1100,UP,2024-12-04 11:15:00,2662.7,2661.0,2668.3,16.99999999999818,28.00000000000182,LOSS,-0.6071428571427527,2,1.0,0.7058823529414125,1,2.0,half,0.0
2024-12-05,1100,UP,2024-12-05 11:10:00,2674.1,2671.7,2676.5000000000005,24.00000000000091,12.000000000002728,LOSS,-1.999999999999621,1,1.6666666666666035,0.24999999999995262,1,2.0,half,0.0
2024-12-09,1100,UP,2024-12-09 11:10:00,2665.5,2656.0,2676.2999999999993,95.0,53.99999999999636,NO_TRADE,0.0,1,0.9368421052631675,0.7684210526315981,1,2.0,half,0.0
2024-12-10,1100,DOWN,2024-12-10 11:15:00,2686.4,2688.0,2680.7999999999997,15.99999999999909,28.00000000000182,LOSS,-0.5714285714285018,2,1.1875000000001243,0.0,1,2.0,half,0.0
2024-12-11,1100,UP,2024-12-11 11:30:00,2732.4,2729.6,2742.0000000000005,28.00000000000182,48.00000000000182,LOSS,-0.5833333333333491,5,1.0,3.0714285714283394,1,2.0,half,0.0
2024-12-12,1100,DOWN,2024-12-12 11:10:00,2755.3,2759.45,2748.7000000000007,41.49999999999636,32.99999999999727,WIN,2.0,1,0.2168674698794494,1.5903614457833597,1,2.0,half,0.0
2024-12-13,1100,UP,2024-12-13 11:10:00,2712.9,2709.75,2717.100000000001,31.50000000000091,21.000000000003638,LOSS,-1.4999999999997835,1,1.111111111111079,1.2698412698412331,1,2.0,half,0.0
2024-12-16,1100,UP,2024-12-16 11:15:00,2669.1,2666.8500000000004,2677.2999999999997,22.499999999995453,40.99999999999909,NO_TRADE,0.0,2,0.8444444444446555,2.3111111111116993,1,2.0,half,0.0
2024-12-17,1100,UP,2024-12-17 11:10:00,2674.6,2672.4,2678.6,21.99999999999818,20.0,LOSS,-1.099999999999909,1,1.1363636363637304,0.045454545454507875,1,2.0,half,0.0
2024-12-18,1100,DOWN,2024-12-18 12:20:00,2663.3,2665.75,2657.0999999999995,24.49999999999818,31.000000000003638,NO_TRADE,0.0,15,0.5306122448978872,2.4489795918369164,1,2.0,half,0.0
2024-12-19,1100,UP,2024-12-19 11:10:00,2614.0,2608.0,2622.0,60.0,40.0,WIN,2.0,1,0.3166666666666818,1.75,1,2.0,half,0.0
2024-12-20,1100,UP,2024-12-20 11:10:00,2612.5,2604.55,2616.3,79.49999999999818,19.00000000000091,WIN,2.0,1,0.2767295597484111,0.5157232704402519,1,2.0,half,0.0
2024-12-23,1100,DOWN,2024-12-23 11:10:00,2636.2,2638.8,2629.7999999999993,26.000000000003638,32.00000000000273,LOSS,-0.8125000000000444,1,1.0384615384614981,0.2307692307691635,1,2.0,half,0.0
2024-12-24,1100,DOWN,2024-12-24 11:10:00,2630.2,2631.45,2626.7999999999993,12.5,17.00000000000273,LOSS,-0.7352941176469409,1,1.9200000000000728,0.719999999999709,1,2.0,half,0.0
2024-12-26,1100,UP,2024-12-26 11:10:00,2642.7,2640.3,2650.2999999999993,23.999999999996362,37.99999999999727,LOSS,-0.6315789473683706,1,1.0,1.6666666666669192,1,2.0,half,0.0
2024-12-27,1100,DOWN,2024-12-27 12:00:00,2649.6,2651.95,2644.1999999999994,23.49999999999909,27.00000000000273,LOSS,-0.8703703703702488,11,1.0638297872340838,1.0212765957447592,1,2.0,half,0.0
2024-12-30,1100,UP,2024-12-30 11:15:00,2638.7,2636.95,2643.2999999999993,17.5,22.99999999999727,LOSS,-0.7608695652174816,2,1.7714285714285194,0.9142857142859222,1,2.0,half,0.0
2024-12-31,1100,UP,2024-12-31 11:25:00,2622.5,2620.45,2626.3,20.50000000000182,19.00000000000091,LOSS,-1.0789473684210966,4,1.0243902439023038,0.7317073170731058,1,2.0,half,0.0
2025-01-02,1100,UP,2025-01-02 11:10:00,2643.1,2639.45,2650.1,36.50000000000091,35.0,NO_TRADE,0.0,1,0.05479452054789401,1.5616438356164741,1,2.0,half,0.0
2025-01-03,1100,DOWN,2025-01-03 11:15:00,2673.7,2675.15,2668.3,14.500000000002728,26.99999999999818,LOSS,-0.5370370370371743,2,3.172413793103102,2.3448275862062045,1,2.0,half,0.0
2025-01-06,1100,UP,2025-01-06 11:10:00,2658.1,2655.0,2662.899999999999,30.99999999999909,23.999999999996362,LOSS,-1.2916666666668246,1,1.1935483870967505,0.9354838709677987,1,2.0,half,0.0
2025-01-07,1100,UP,2025-01-07 11:20:00,2650.1,2647.75,2657.1,23.49999999999909,35.0,LOSS,-0.6714285714285454,3,1.0638297872340838,0.0851063829788428,1,2.0,half,0.0
2025-01-08,1100,DOWN,2025-01-08 12:05:00,2661.9,2663.45,2656.1,15.499999999997272,29.00000000000091,LOSS,-0.5344827586205788,12,1.6129032258067355,1.7419354838714505,1,2.0,half,0.0
2025-01-09,1100,DOWN,2025-01-09 11:10:00,2675.9,2677.8999999999996,2672.7000000000003,19.999999999995453,15.99999999999909,LOSS,-1.2499999999997868,1,1.1500000000001251,0.4000000000001819,1,2.0,half,0.0
2025-01-10,1100,UP,2025-01-10 11:25:00,2695.7,2694.6000000000004,2698.8999999999996,10.999999999994543,15.99999999999909,LOSS,-0.687499999999698,4,1.6363636363642,0.18181818181852005,1,2.0,half,0.0
2025-01-13,1100,DOWN,2025-01-13 11:10:00,2711.4,2718.75,2704.7999999999997,73.49999999999909,33.00000000000182,LOSS,-2.227272727272577,1,1.0068027210884603,0.25850340136055977,1,2.0,half,0.0
2025-01-14,1100,DOWN,2025-01-14 11:10:00,2687.0,2688.25,2683.6000000000004,12.5,16.99999999999818,LOSS,-0.7352941176471375,1,1.0400000000001455,0.9599999999998545,1,2.0,half,0.0
2025-01-15,1100,DOWN,2025-01-15 11:40:00,2688.0,2689.7,2683.5999999999995,16.99999999999818,22.00000000000273,LOSS,-0.7727272727270942,7,1.17647058823542,1.5294117647059926,1,2.0,half,0.0
2025-01-16,1100,UP,2025-01-16 11:20:00,2726.4,2724.3,2733.9999999999995,20.99999999999909,37.99999999999727,LOSS,-0.5526315789473841,3,1.0,2.5238095238095033,1,2.0,half,0.0
2025-01-17,1100,DOWN,2025-01-17 11:25:00,2743.1,2745.65,2734.4999999999995,25.50000000000182,43.00000000000182,LOSS,-0.5930232558139708,4,1.2156862745096815,0.1568627450980637,1,2.0,half,0.0
2025-01-20,1100,DOWN,2025-01-20 11:10:00,2733.0,2735.7,2725.8,26.99999999999818,35.99999999999909,LOSS,-0.7499999999999685,1,1.3703703703703953,0.14814814814819183,1,2.0,half,0.0
2025-01-21,1100,UP,2025-01-21 11:10:00,2733.1,2726.3999999999996,2745.9,67.00000000000273,64.00000000000091,WIN,2.0,1,0.28358208955224085,1.9253731343282934,1,2.0,half,0.0
2025-01-22,1100,UP,2025-01-22 11:15:00,2765.5,2763.2,2769.9000000000005,23.00000000000182,22.00000000000273,LOSS,-1.0454545454544986,2,1.0434782608695223,0.0,1,2.0,half,0.0
2025-01-23,1100,DOWN,2025-01-23 11:20:00,2764.4,2765.55,2760.9999999999995,11.50000000000091,17.00000000000273,LOSS,-0.6764705882352391,3,1.0434782608693245,0.8695652173912356,1,2.0,half,0.0
2025-01-24,1100,UP,2025-01-24 11:10:00,2769.9,2768.05,2773.3000000000006,18.49999999999909,17.00000000000273,LOSS,-1.088235294117419,1,1.1351351351351417,0.1081081081080151,1,2.0,half,0.0
2025-01-27,1100,DOWN,2025-01-27 11:25:00,2774.2,2775.95,2767.6000000000004,17.5,32.99999999999727,WIN,2.0,4,0.1142857142858702,3.828571428571325,1,2.0,half,0.0
2025-01-28,1100,DOWN,2025-01-28 12:00:00,2742.2,2746.8999999999996,2733.0,46.99999999999818,45.99999999999909,LOSS,-1.0217391304347632,11,1.1702127659574921,0.29787234042546606,1,2.0,half,0.0
2025-01-29,1100,UP,2025-01-29 11:25:00,2772.9,2772.1499999999996,2775.1,7.5000000000045475,10.99999999999909,LOSS,-0.6818181818186516,4,1.0666666666662625,1.1999999999993938,1,2.0,half,0.0
2025-01-30,1100,DOWN,2025-01-30 11:15:00,2796.4,2797.8,2791.2000000000003,14.00000000000091,25.99999999999909,LOSS,-0.5384615384615923,2,1.0,0.5000000000001624,1,2.0,half,0.0
2025-01-31,1100,DOWN,2025-01-31 11:25:00,2850.7,2852.2,2847.5,15.0,15.99999999999909,WIN,2.0,4,0.6666666666666666,2.199999999999818,1,2.0,half,0.0
2025-02-03,1100,DOWN,2025-02-03 11:10:00,2826.7,2831.25,2814.9000000000005,45.50000000000182,58.99999999999636,WIN,2.0,1,0.0,2.923076923076746,1,2.0,half,0.0
2025-02-04,1100,UP,2025-02-04 11:15:00,2850.9,2849.05,2853.4999999999995,18.49999999999909,12.999999999997272,WIN,2.0,2,0.0,1.4594594594594328,1,2.0,half,0.0
2025-02-05,1100,DOWN,2025-02-05 11:35:00,2872.0,2875.45,2859.0,34.49999999999818,65.0,LOSS,-0.5307692307692028,6,1.014492753623242,0.5507246376812148,1,2.0,half,0.0
2025-02-06,1100,DOWN,2025-02-06 11:25:00,2886.0,2887.95,2879.8,19.49999999999818,30.99999999999909,LOSS,-0.6290322580644759,4,1.1794871794873827,0.10256410256401885,1,2.0,half,0.0
2025-02-07,1100,UP,2025-02-07 11:15:00,2886.7,2883.0,2890.7,36.99999999999818,20.0,WIN,2.0,2,0.18918918918914931,1.1081081081082609,1,2.0,half,0.0
2025-02-10,1100,DOWN,2025-02-10 11:35:00,2894.1,2896.8,2886.1,27.00000000000273,40.0,LOSS,-0.6750000000000682,6,1.333333333333165,0.37037037037033294,1,2.0,half,0.0
2025-02-11,1100,UP,2025-02-11 11:10:00,2954.7,2947.8,2961.1000000000004,68.99999999999636,32.00000000000273,WIN,2.0,1,0.2898550724637834,1.2608695652174973,1,2.0,half,0.0
2025-02-12,1100,DOWN,2025-02-12 11:10:00,2919.2,2922.1,2908.8,29.00000000000091,51.99999999999818,LOSS,-0.5576923076923447,1,1.6896551724137714,2.344827586206729,1,2.0,half,0.0
2025-02-13,1100,DOWN,2025-02-13 11:20:00,2929.1,2931.5,2922.3000000000006,24.00000000000091,33.99999999999636,LOSS,-0.7058823529412788,3,1.3750000000000238,0.20833333333332543,1,2.0,half,0.0
2025-02-14,1100,UP,2025-02-14 11:10:00,2960.9,2958.55,2968.7000000000003,23.49999999999909,39.00000000000091,LOSS,-0.6025641025640652,1,1.0212765957447592,1.2765957446809004,1,2.0,half,0.0
2025-02-17,1100,UP,2025-02-17 11:10:00,2899.4,2894.55,2909.2000000000003,48.49999999999909,49.00000000000091,WIN,2.0,1,0.3298969072164823,2.123711340206169,1,2.0,half,0.0
2025-02-18,1100,DOWN,2025-02-18 11:10:00,2909.3,2911.0,2904.500000000001,16.99999999999818,23.999999999996362,LOSS,-0.7083333333333649,1,1.294117647058855,2.7647058823533976,1,2.0,half,0.0
2025-02-19,1100,UP,2025-02-19 11:10:00,2951.0,2948.6,2955.0,24.00000000000091,20.0,LOSS,-1.2000000000000455,1,1.1249999999998817,0.0,1,2.0,half,0.0
2025-02-20,1100,UP,2025-02-20 11:15:00,2958.9,2957.25,2963.9,16.50000000000091,25.0,LOSS,-0.6600000000000363,2,3.4545454545454293,0.48484848484829274,1,2.0,half,0.0
2025-02-21,1100,UP,2025-02-21 11:10:00,2960.8,2957.0,2970.4000000000005,38.00000000000182,48.00000000000182,LOSS,-0.7916666666666745,1,2.157894736842074,1.0263157894735393,1,2.0,half,0.0
2025-02-24,1100,DOWN,2025-02-24 11:10:00,2939.3,2942.7,2931.3,33.99999999999636,40.0,LOSS,-0.849999999999909,1,1.2647058823529962,0.7352941176471375,1,2.0,half,0.0
2025-02-25,1100,UP,2025-02-25 11:10:00,2967.4,2965.1499999999996,2971.6,22.500000000004547,20.99999999999909,LOSS,-1.0714285714288343,1,1.1999999999998787,0.13333333333318512,1,2.0,half,0.0
2025-02-26,1100,UP,2025-02-26 11:10:00,2935.2,2934.0,2939.2,11.999999999998181,20.0,WIN,2.0,1,0.0,3.7500000000005684,1,2.0,half,0.0
2025-02-27,1100,DOWN,2025-02-27 11:10:00,2930.6,2931.9,2926.6,13.000000000001819,20.0,LOSS,-0.650000000000091,1,2.384615384614981,2.461538461537977,1,2.0,half,0.0
2025-02-28,1100,UP,2025-02-28 11:10:00,2890.3,2888.55,2896.8999999999996,17.5,32.99999999999727,LOSS,-0.5303030303030741,1,2.342857142857351,1.942857142856935,1,2.0,half,0.0
2025-03-03,1100,UP,2025-03-03 11:20:00,2881.3,2878.05,2891.8999999999996,32.5,52.99999999999727,LOSS,-0.6132075471698429,3,1.5692307692308811,0.9538461538461258,1,2.0,half,0.0
2025-03-04,1100,DOWN,2025-03-04 11:10:00,2894.2,2901.85,2885.5999999999995,76.50000000000091,43.00000000000182,LOSS,-1.7790697674418063,1,1.2810457516339955,0.20915032679737125,1,2.0,half,0.0
2025-03-05,1100,DOWN,2025-03-05 11:10:00,2918.8,2924.05,2914.2000000000007,52.5,22.99999999999727,LOSS,-2.2826086956524447,1,1.1238095238094545,0.800000000000052,1,2.0,half,0.0
2025-03-06,1100,UP,2025-03-06 11:10:00,2927.4,2925.6,2933.7999999999997,18.00000000000182,31.99999999999818,WIN,2.0,1,0.16666666666675087,3.9999999999994946,1,2.0,half,0.0
2025-03-07,1100,DOWN,2025-03-07 11:15:00,2909.6,2912.7,2900.7999999999997,30.99999999999909,44.00000000000091,LOSS,-0.7045454545454193,2,1.3870967741936477,0.09677419354830193,1,2.0,half,0.0
2025-03-10,1100,UP,2025-03-10 11:10:00,2924.9,2922.5,2931.6999999999994,24.00000000000091,33.99999999999636,LOSS,-0.7058823529412788,1,1.125000000000071,0.2916666666665798,1,2.0,half,0.0
2025-03-11,1100,UP,2025-03-11 11:40:00,2893.3,2887.6,2908.3,57.00000000000273,98.00000000000182,NO_TRADE,0.0,7,0.17543859649121968,2.4561403508770754,1,2.0,half,0.0
2025-03-12,1100,DOWN,2025-03-12 11:10:00,2918.1,2919.3,2914.1,12.000000000002728,20.0,LOSS,-0.6000000000001364,1,1.3333333333329545,0.1666666666664772,1,2.0,half,0.0
2025-03-13,1100,DOWN,2025-03-13 11:30:00,2945.8,2947.9,2937.8,20.99999999999909,40.0,LOSS,-0.5249999999999773,5,1.0,0.4761904761904968,1,2.0,half,0.0
2025-03-14,1100,UP,2025-03-14 11:10:00,3003.4,3000.25,3009.1999999999994,31.50000000000091,28.999999999996362,LOSS,-1.0862068965518918,1,1.3015873015872352,0.06349206349200391,1,2.0,half,0.0
2025-03-17,1100,DOWN,2025-03-17 12:05:00,2997.8,2999.15,2992.8,13.49999999999909,25.0,WIN,2.0,12,0.07407407407401169,3.7037037037039533,1,2.0,half,0.0
2025-03-18,1100,UP,2025-03-18 11:20:00,3011.8,3009.5,3017.000000000001,23.00000000000182,26.000000000003638,WIN,2.0,3,0.6521739130434266,2.6086956521737066,1,2.0,half,0.0
2025-03-19,1100,DOWN,2025-03-19 11:10:00,3035.9,3037.75,3029.6999999999994,18.49999999999909,31.000000000003638,LOSS,-0.5967741935482878,1,1.4054054054054252,0.5405405405405671,1,2.0,half,0.0
2025-03-20,1100,DOWN,2025-03-20 11:40:00,3060.5,3062.95,3054.7,24.49999999999818,29.00000000000091,WIN,2.0,7,0.2857142857142327,2.36734693877576,1,2.0,half,0.0
2025-03-21,1100,DOWN,2025-03-21 11:10:00,3049.8,3051.1,3045.8,12.999999999997272,20.0,LOSS,-0.6499999999998636,1,1.0769230769230231,1.2307692307697689,1,2.0,half,0.0
2025-03-24,1100,UP,2025-03-24 11:10:00,3027.7,3023.95,3033.1000000000004,37.5,27.00000000000273,LOSS,-1.3888888888887485,1,1.4133333333332605,0.5866666666667394,1,2.0,half,0.0
2025-03-25,1100,DOWN,2025-03-25 11:15:00,3016.4,3018.1499999999996,3012.2000000000003,17.499999999995453,20.99999999999909,LOSS,-0.8333333333331528,2,1.2000000000002597,0.7428571428574399,1,2.0,half,0.0
2025-03-26,1100,UP,2025-03-26 11:10:00,3023.1,3021.1,3026.7000000000003,20.0,18.00000000000182,WIN,2.0,1,0.7000000000000455,2.0,1,2.0,half,0.0
2025-03-27,1100,DOWN,2025-03-27 11:10:00,3029.0,3030.05,3025.5999999999995,10.500000000001819,17.00000000000273,LOSS,-0.6176470588235373,1,1.0476190476187794,0.5714285714283858,1,2.0,half,0.0
2025-03-28,1100,UP,2025-03-28 11:10:00,3108.9,3104.3999999999996,3116.1,45.00000000000455,35.99999999999909,WIN,2.0,1,0.5111111111110999,1.688888888888698,1,2.0,half,0.0
2025-03-31,1100,UP,2025-03-31 11:10:00,3116.6,3114.4,3124.2000000000003,21.99999999999818,38.00000000000182,LOSS,-0.578947368420977,1,1.0909090909092225,0.27272727272725394,1,2.0,half,0.0
2025-04-01,1100,UP,2025-04-01 12:10:00,3168.8,3164.95,3183.3999999999996,38.50000000000364,72.99999999999727,LOSS,-0.5273972602740421,13,1.8441558441557644,2.207792207791999,1,2.0,half,0.0
2025-04-02,1100,UP,2025-04-02 11:10:00,3159.6,3152.85,3164.9999999999995,67.5,26.99999999999818,LOSS,-2.5000000000001683,1,1.1703703703703838,0.6518518518518653,1,2.0,half,0.0
2025-04-03,1100,DOWN,2025-04-03 11:20:00,3173.4,3178.7,3158.4,52.99999999999727,87.99999999999727,LOSS,-0.602272727272715,3,1.2075471698114,0.1509433962264572,1,2.0,half,0.0
2025-04-04,1100,UP,2025-04-04 11:10:00,3136.0,3132.45,3141.4000000000005,35.50000000000182,27.00000000000273,LOSS,-1.3148148148147494,1,1.43661971830976,0.0,1,2.0,half,0.0
2025-04-08,1100,UP,2025-04-08 11:10:00,3009.1,3001.3,3024.1,77.99999999999727,90.0,WIN,2.0,1,0.7564102564102946,1.9615384615385534,1,2.0,half,0.0
2025-04-09,1100,UP,2025-04-09 11:20:00,2997.3,2991.05,3012.3,62.5,89.00000000000091,WIN,2.0,3,0.27200000000004365,2.64,1,2.0,half,0.0
2025-04-10,1100,DOWN,2025-04-10 11:10:00,3102.1,3111.0,3087.1,89.00000000000091,103.99999999999636,LOSS,-0.8557692307692695,1,1.0,0.8426966292134745,1,2.0,half,0.0
2025-04-11,1100,UP,2025-04-11 12:15:00,3238.0,3231.0,3253.0,70.0,120.0,LOSS,-0.5833333333333334,14,1.2714285714285845,0.32857142857145455,1,2.0,half,0.0
2025-04-14,1100,UP,2025-04-14 11:20:00,3244.1,3235.8,3259.1,82.99999999999727,82.00000000000273,WIN,2.0,3,0.20481927710841855,1.8795180722892075,1,2.0,half,0.0
2025-04-15,1100,UP,2025-04-15 11:10:00,3233.7,3227.65,3242.7,60.49999999999727,45.0,WIN,2.0,1,0.0991735537189977,1.7190082644629026,1,2.0,half,0.0
2025-04-16,1100,DOWN,2025-04-16 11:30:00,3276.5,3286.0,3261.5,95.0,88.00000000000182,LOSS,-1.0795454545454322,5,1.1684210526315695,0.09473684210527274,1,2.0,half,0.0
2025-04-17,1100,UP,2025-04-17 11:10:00,3366.0,3359.3,3376.0,66.99999999999818,50.0,LOSS,-1.3399999999999637,1,3.641791044776232,0.5074626865671915,1,2.0,half,0.0
2025-04-21,1100,UP,2025-04-21 11:35:00,3388.9,3384.8500000000004,3401.1,40.49999999999727,60.99999999999909,LOSS,-0.6639344262294734,6,1.6543209876544998,2.1975308641977014,1,2.0,half,0.0
2025-04-22,1100,UP,2025-04-22 11:10:00,3444.1,3437.05,3459.1,70.49999999999727,102.99999999999727,WIN,2.0,1,0.24113475177303317,2.5673758865249092,1,2.0,half,0.0
2025-04-23,1100,DOWN,2025-04-23 11:30:00,3371.4,3381.2,3356.4,97.99999999999727,170.0,LOSS,-0.5764705882352781,5,1.1632653061224907,0.13265306122451204,1,2.0,half,0.0
2025-04-25,1100,DOWN,2025-04-25 11:15:00,3362.8,3367.0,3351.5999999999995,41.99999999999818,56.00000000000364,WIN,2.0,2,0.8333333333333695,3.428571428571599,1,2.0,half,0.0
2025-04-28,1100,DOWN,2025-04-28 11:10:00,3317.2,3322.75,3304.999999999999,55.50000000000182,61.00000000000364,WIN,2.0,1,0.21621621621625828,3.027027027026879,1,2.0,half,0.0
2025-04-29,1100,UP,2025-04-29 11:30:00,3345.1,3339.5,3359.4999999999995,55.99999999999909,71.99999999999818,LOSS,-0.7777777777777848,5,1.2678571428571472,1.035714285714335,1,2.0,half,0.0
2025-04-30,1100,UP,2025-04-30 11:10:00,3325.6,3321.8,3339.6,37.99999999999727,70.0,LOSS,-0.5428571428571038,1,1.2105263157895367,1.815789473684365,1,2.0,half,0.0
2025-05-01,1100,DOWN,2025-05-01 11:15:00,3249.2,3252.6000000000004,3238.0,34.00000000000546,55.99999999999909,LOSS,-0.6071428571429645,2,1.4117647058821798,0.0,1,2.0,half,0.0
2025-05-02,1100,UP,2025-05-02 11:10:00,3244.1,3241.15,3253.1,29.49999999999818,45.0,LOSS,-0.6555555555555151,1,1.3898305084746312,0.576271186440806,1,2.0,half,0.0
2025-05-05,1100,UP,2025-05-05 11:10:00,3265.9,3256.5,3279.9,94.00000000000091,70.0,WIN,2.0,1,0.2872340425532177,1.489361702127645,1,2.0,half,0.0
2025-05-07,1100,DOWN,2025-05-07 11:15:00,3379.7,3387.6000000000004,3364.7,79.00000000000546,105.99999999999909,LOSS,-0.7452830188679824,2,1.582278481012549,1.5316455696201359,1,2.0,half,0.0
2025-05-09,1100,DOWN,2025-05-09 11:10:00,3320.6,3324.1,3306.9999999999995,35.0,68.00000000000182,WIN,2.0,1,0.48571428571436365,5.142857142857143,1,2.0,half,0.0
2025-05-13,1100,DOWN,2025-05-13 11:10:00,3239.7,3244.55,3230.2999999999993,48.50000000000364,47.00000000000273,WIN,2.0,1,0.6804123711340071,2.4123711340204,1,2.0,half,0.0
2025-05-14,1100,UP,2025-05-14 11:20:00,3250.1,3245.75,3263.899999999999,43.49999999999909,68.99999999999636,LOSS,-0.6304347826087157,3,1.0344827586207113,1.4482758620690377,1,2.0,half,0.0
2025-05-15,1100,DOWN,2025-05-15 11:10:00,3189.2,3192.95,3178.2,37.5,55.0,WIN,2.0,1,0.7200000000000728,3.3333333333333335,1,2.0,half,0.0
2025-05-16,1100,DOWN,2025-05-16 11:10:00,3234.3,3242.95,3219.3,86.49999999999636,100.99999999999909,WIN,2.0,1,0.011560693641608468,1.7687861271677254,1,2.0,half,0.0
2025-05-19,1100,DOWN,2025-05-19 11:10:00,3236.2,3243.9,3221.2,77.00000000000273,108.00000000000182,WIN,2.0,1,0.2337662337662491,2.3636363636362563,1,2.0,half,0.0
2025-05-20,1100,UP,2025-05-20 11:10:00,3231.0,3227.8500000000004,3242.8,31.499999999996362,59.00000000000091,LOSS,-0.5338983050846758,1,1.6507936507937837,0.7936507936508853,1,2.0,half,0.0
2025-05-22,1100,UP,2025-05-22 11:10:00,3328.5,3324.55,3341.5,39.49999999999818,65.0,WIN,2.0,1,0.4050632911392361,3.746835443038193,1,2.0,half,0.0
2025-05-23,1100,DOWN,2025-05-23 12:15:00,3295.2,3300.75,3280.2,55.50000000000182,75.0,LOSS,-0.7400000000000243,14,1.0270270270270425,1.0630630630629627,1,2.0,half,0.0
2025-05-26,1100,UP,2025-05-26 11:40:00,3343.7,3339.1499999999996,3358.7,45.50000000000182,79.00000000000091,LOSS,-0.575949367088624,7,1.3846153846152693,2.5714285714285285,1,2.0,half,0.0
2025-05-27,1100,DOWN,2025-05-27 11:15:00,3339.5,3344.35,3328.1000000000004,48.49999999999909,56.99999999999818,LOSS,-0.8508771929824673,2,1.3195876288660229,1.8350515463918058,1,2.0,half,0.0
2025-05-28,1100,DOWN,2025-05-28 11:10:00,3332.7,3335.1499999999996,3324.5,24.49999999999818,40.99999999999909,LOSS,-0.597560975609725,1,1.2244897959184582,0.6122448979592291,1,2.0,half,0.0
2025-05-29,1100,DOWN,2025-05-29 11:10:00,3276.4,3283.85,3261.4,74.49999999999818,115.0,LOSS,-0.6478260869565059,1,1.4362416107382656,1.046979865771862,1,2.0,half,0.0
2025-05-30,1100,UP,2025-05-30 11:10:00,3340.4,3337.2,3348.8000000000006,32.00000000000273,42.00000000000273,LOSS,-0.7619047619047774,1,1.2812499999998623,2.0624999999997957,1,2.0,half,0.0
2025-06-02,1100,DOWN,2025-06-02 11:15:00,3333.0,3335.05,3327.2,20.50000000000182,29.00000000000091,WIN,2.0,2,0.9756097560974744,3.024390243902082,1,2.0,half,0.0
2025-06-03,1100,DOWN,2025-06-03 11:10:00,3392.1,3398.65,3381.4999999999995,65.50000000000182,53.00000000000182,LOSS,-1.2358490566037654,1,1.0534351145038015,0.6717557251908349,1,2.0,half,0.0
2025-06-04,1100,UP,2025-06-04 11:10:00,3381.7,3374.05,3396.7,76.49999999999636,87.00000000000273,WIN,2.0,1,0.14379084967319755,1.9607843137255834,1,2.0,half,0.0
2025-06-05,1100,DOWN,2025-06-05 11:15:00,3400.6,3405.05,3390.7999999999997,44.50000000000273,49.00000000000091,WIN,2.0,2,0.17977528089890626,3.078651685393029,1,2.0,half,0.0
2025-06-06,1100,UP,2025-06-06 11:10:00,3384.4,3380.55,3393.8000000000006,38.49999999999909,47.00000000000273,WIN,2.0,1,0.7012987012987887,2.6233766233766618,1,2.0,half,0.0
2025-06-09,1100,DOWN,2025-06-09 11:55:00,3315.7,3325.1,3300.7,94.00000000000091,81.99999999999818,LOSS,-1.1463414634146707,10,1.0212765957447096,0.2765957446808387,1,2.0,half,0.0
2025-06-10,1100,DOWN,2025-06-10 11:20:00,3330.9,3336.1000000000004,3317.7000000000003,52.00000000000273,65.99999999999909,LOSS,-0.78787878787884,3,1.2115384615383455,1.846153846153732,1,2.0,half,0.0
2025-06-11,1100,UP,2025-06-11 11:10:00,3354.9,3352.55,3362.3000000000006,23.49999999999909,37.00000000000273,LOSS,-0.6351351351350637,1,1.1489361702129266,1.4893617021277172,1,2.0,half,0.0
2025-06-12,1100,UP,2025-06-12 11:15:00,3389.8,3385.15,3399.2,46.50000000000091,46.99999999999818,LOSS,-0.9893617021277172,2,1.0107526881720819,1.8709677419354083,1,2.0,half,0.0
2025-06-13,1100,UP,2025-06-13 11:10:00,3447.4,3439.0,3462.4,84.00000000000091,76.00000000000364,WIN,2.0,1,0.41666666666666213,1.7857142857142663,1,2.0,half,0.0
2025-06-16,1100,UP,2025-06-16 11:10:00,3460.4,3456.35,3473.4,40.50000000000182,65.0,LOSS,-0.6230769230769511,1,1.185185185185177,0.5679012345678084,1,2.0,half,0.0
2025-06-17,1100,UP,2025-06-17 11:10:00,3419.3,3415.65,3428.7,36.50000000000091,46.99999999999818,LOSS,-0.7765957446809004,1,1.0136986301370359,0.6575342465752264,1,2.0,half,0.0
2025-06-18,1100,DOWN,2025-06-18 11:10:00,3402.5,3404.95,3396.7,24.49999999999818,29.00000000000091,LOSS,-0.8448275862068073,1,1.510204081632691,0.40816326530615277,1,2.0,half,0.0
2025-06-19,1100,DOWN,2025-06-19 11:55:00,3392.1,3397.8999999999996,3377.1,57.99999999999727,85.99999999999909,WIN,2.0,10,0.7586206896552238,2.655172413793244,1,2.0,half,0.0
2025-06-20,1100,DOWN,2025-06-20 11:10:00,3375.5,3383.1499999999996,3369.3,76.49999999999636,30.99999999999909,WIN,2.0,1,0.6797385620915118,0.8366013071895941,1,2.0,half,0.0
2025-06-23,1100,DOWN,2025-06-23 11:20:00,3371.8,3380.55,3359.6000000000004,87.5,60.99999999999909,LOSS,-1.4344262295082182,3,1.0857142857142856,0.4914285714285922,1,2.0,half,0.0
2025-06-24,1100,DOWN,2025-06-24 11:35:00,3360.4,3364.75,3345.4,43.49999999999909,78.99999999999636,LOSS,-0.5506329113924189,6,1.0574712643678172,1.0114942528736053,1,2.0,half,0.0
2025-06-25,1100,UP,2025-06-25 11:10:00,3344.7,3341.35,3350.0999999999995,33.49999999999909,26.99999999999818,LOSS,-1.2407407407407907,1,1.0746268656716438,0.7164179104478078,1,2.0,half,0.0
2025-06-26,1100,DOWN,2025-06-26 11:30:00,3344.4,3347.45,3334.6,30.49999999999727,49.00000000000091,LOSS,-0.6224489795917695,5,1.2459016393442843,0.590163934426342,1,2.0,half,0.0
2025-06-27,1100,DOWN,2025-06-27 11:10:00,3329.6,3331.6000000000004,3322.7999999999997,20.000000000004547,34.00000000000091,LOSS,-0.5882352941177651,1,1.299999999999659,0.44999999999994317,1,2.0,half,0.0
2025-06-30,1100,UP,2025-06-30 11:15:00,3282.8,3274.85,3297.8,79.50000000000273,75.0,WIN,2.0,2,0.07547169811325072,1.9622641509433174,1,2.0,half,0.0
2025-07-01,1100,UP,2025-07-01 11:10:00,3330.8,3326.85,3335.4000000000005,39.50000000000273,23.00000000000182,LOSS,-1.7173913043478088,1,1.1139240506328574,0.5569620253163712,1,2.0,half,0.0
2025-07-02,1100,DOWN,2025-07-02 11:10:00,3345.2,3350.75,3337.4000000000005,55.50000000000182,38.99999999999636,LOSS,-1.4230769230771025,1,1.0630630630630447,1.26126126126122,1,2.0,half,0.0
2025-07-03,1100,UP,2025-07-03 11:35:00,3358.8,3355.3,3365.2000000000007,35.0,32.00000000000273,LOSS,-1.0937499999999067,6,1.0285714285715326,0.05714285714280517,1,2.0,half,0.0
2025-07-04,1100,UP,2025-07-04 11:10:00,3339.4,3337.45,3345.6,19.50000000000273,30.99999999999909,LOSS,-0.6290322580646226,1,1.3333333333331001,2.41025641025598,1,2.0,half,0.0
2025-07-08,1100,DOWN,2025-07-08 11:10:00,3341.3,3344.3500000000004,3335.5,30.50000000000182,29.00000000000091,LOSS,-1.0517241379310642,1,1.3114754098359873,0.39344262295088567,1,2.0,half,0.0
2025-07-09,1100,DOWN,2025-07-09 11:10:00,3311.8,3314.0,3303.8,21.99999999999818,40.0,LOSS,-0.5499999999999545,1,1.9090909090909842,0.4090909090909843,1,2.0,half,0.0
2025-07-10,1100,UP,2025-07-10 11:10:00,3328.6,3325.45,3334.0000000000005,31.50000000000091,27.00000000000273,WIN,2.0,1,0.031746031746001956,1.9365079365078517,1,2.0,half,0.0
2025-07-11,1100,DOWN,2025-07-11 11:10:00,3337.5,3341.95,3327.7,44.49999999999818,49.00000000000091,LOSS,-0.9081632653060685,1,1.0337078651685612,0.3820224719100871,1,2.0,half,0.0
2025-07-14,1100,DOWN,2025-07-14 11:10:00,3380.0,3382.9,3371.6000000000004,29.00000000000091,41.99999999999818,WIN,2.0,1,0.5517241379309858,2.965517241379186,1,2.0,half,0.0
2025-07-15,1100,UP,2025-07-15 11:15:00,3358.0,3356.95,3361.8,10.500000000001819,19.00000000000091,LOSS,-0.5526315789474378,2,1.6190476190471654,0.28571428571440943,1,2.0,half,0.0
2025-07-16,1100,UP,2025-07-16 11:10:00,3338.3,3336.55,3343.3,17.5,25.0,LOSS,-0.7,1,1.0285714285715326,1.599999999999844,1,2.0,half,0.0
2025-07-17,1100,DOWN,2025-07-17 11:30:00,3344.2,3346.25,3337.2,20.50000000000182,35.0,LOSS,-0.5857142857143377,5,1.5121951219512628,0.14634146341448806,1,2.0,half,0.0
2025-07-18,1100,DOWN,2025-07-18 11:15:00,3343.1,3346.45,3333.2999999999997,33.49999999999909,49.00000000000091,LOSS,-0.6836734693877239,2,1.1044776119404098,0.7761194029850685,1,2.0,half,0.0
2025-07-21,1100,UP,2025-07-21 11:10:00,3363.2,3359.7,3370.0,35.0,34.00000000000091,LOSS,-1.0294117647058547,1,1.2571428571427532,0.6571428571429091,1,2.0,half,0.0
2025-07-22,1100,DOWN,2025-07-22 11:10:00,3405.0,3407.3500000000004,3398.8,23.500000000003638,30.99999999999909,WIN,2.0,1,0.7234042553189596,2.723404255318766,1,2.0,half,0.0
2025-07-23,1100,DOWN,2025-07-23 11:15:00,3437.8,3440.9,3426.2,30.99999999999909,58.00000000000182,LOSS,-0.5344827586206572,2,1.096774193548302,1.4516129032258491,1,2.0,half,0.0
2025-07-24,1100,DOWN,2025-07-24 11:10:00,3395.3,3398.7,3388.8999999999996,33.99999999999636,32.00000000000273,WIN,2.0,1,0.794117647058855,2.911764705882691,1,2.0,half,0.0
2025-07-25,1100,DOWN,2025-07-25 11:10:00,3372.8,3374.75,3368.5999999999995,19.49999999999818,21.000000000003638,WIN,2.0,1,0.5128205128205606,3.435897435897896,1,2.0,half,0.0
2025-07-28,1100,UP,2025-07-28 11:15:00,3338.0,3333.8,3353.0,41.99999999999818,80.0,LOSS,-0.5249999999999773,2,1.1190476190476242,0.2619047619047516,1,2.0,half,0.0
2025-07-29,1100,UP,2025-07-29 11:15:00,3368.2,3364.8999999999996,3375.3999999999996,33.00000000000182,35.99999999999909,WIN,2.0,2,0.39393939393928956,2.1818181818181444,1,2.0,half,0.0
2025-07-30,1100,UP,2025-07-30 11:15:00,3387.8,3384.25,3393.5999999999995,35.50000000000182,28.999999999996362,LOSS,-1.2241379310346991,2,1.0985915492957439,0.056338028168959955,1,2.0,half,0.0
2025-07-31,1100,UP,2025-07-31 11:15:00,3340.1,3336.7,3345.6999999999994,34.00000000000091,27.99999999999727,LOSS,-1.2142857142858652,2,1.3529411764705253,0.4705882352940783,1,2.0,half,0.0
2025-08-01,1100,DOWN,2025-08-01 11:20:00,3340.0,3342.2,3332.0,21.99999999999818,40.0,WIN,2.0,3,0.8181818181819686,3.8181818181821754,1,2.0,half,0.0
2025-08-04,1100,DOWN,2025-08-04 11:10:00,3402.1,3404.45,3395.1,23.49999999999909,35.0,LOSS,-0.6714285714285454,1,1.3617021276597432,2.085106382978843,1,2.0,half,0.0
2025-08-05,1100,DOWN,2025-08-05 11:10:00,3433.2,3434.4,3429.2,12.000000000002728,20.0,LOSS,-0.6000000000001364,1,2.0833333333328596,1.4999999999994316,1,2.0,half,0.0
2025-08-06,1100,DOWN,2025-08-06 11:10:00,3432.9,3436.85,3425.9,39.49999999999818,35.0,WIN,2.0,1,0.9873417721519673,1.7721518987342588,1,2.0,half,0.0
2025-08-07,1100,UP,2025-08-07 11:10:00,3443.4,3439.7,3450.2000000000003,37.00000000000273,34.00000000000091,LOSS,-1.0882352941176983,1,1.3243243243242513,1.0270270270268775,1,2.0,half,0.0
2025-08-11,1100,DOWN,2025-08-11 11:10:00,3438.8,3444.3,3425.6000000000004,55.0,65.99999999999909,LOSS,-0.8333333333333448,1,1.1636363636362974,0.5090909090909421,1,2.0,half,0.0
2025-08-12,1100,UP,2025-08-12 11:10:00,3407.7,3405.0,3413.7,26.99999999999818,30.0,LOSS,-0.8999999999999394,1,2.1851851851851976,0.37037037037039533,1,2.0,half,0.0
2025-08-13,1100,UP,2025-08-13 11:10:00,3398.6,3394.85,3403.9999999999995,37.5,26.99999999999818,LOSS,-1.3888888888889825,1,1.5466666666665938,0.26666666666666666,1,2.0,half,0.0
2025-08-14,1100,DOWN,2025-08-14 11:20:00,3415.2,3418.65,3409.8,34.50000000000273,26.99999999999818,LOSS,-1.2777777777779649,3,1.4202898550723777,0.3478260869564415,1,2.0,half,0.0
2025-08-15,1100,DOWN,2025-08-15 11:15:00,3379.6,3382.2,3375.1999999999994,25.99999999999909,22.00000000000273,LOSS,-1.1818181818179938,2,1.1538461538461942,0.4615384615384077,1,2.0,half,0.0
2025-08-18,1100,UP,2025-08-18 11:35:00,3389.5,3386.6499999999996,3397.7,28.500000000003638,40.99999999999909,WIN,2.0,6,0.7017543859648228,2.9473684210522872,1,2.0,half,0.0
2025-08-19,1100,DOWN,2025-08-19 12:00:00,3374.5,3377.7,3365.3,31.99999999999818,45.99999999999909,LOSS,-0.6956521739130177,11,1.3125000000000178,0.18749999999998224,1,2.0,half,0.0
2025-08-20,1100,DOWN,2025-08-20 11:10:00,3355.5,3357.3999999999996,3348.3,18.999999999996362,35.99999999999909,LOSS,-0.5277777777776901,1,1.0000000000002394,0.4210526315791237,1,2.0,half,0.0
2025-08-21,1100,UP,2025-08-21 11:10:00,3386.8,3384.4,3390.8,24.00000000000091,20.0,LOSS,-1.2000000000000455,1,1.0416666666666272,0.333333333333207,1,2.0,half,0.0
2025-08-22,1100,DOWN,2025-08-22 11:15:00,3381.4,3382.75,3378.0000000000005,13.49999999999909,16.99999999999818,WIN,2.0,2,0.666666666666779,3.1851851851855346,1,2.0,half,0.0
2025-08-25,1100,DOWN,2025-08-25 11:10:00,3409.5,3411.5,3403.1000000000004,20.0,31.99999999999818,LOSS,-0.6250000000000355,1,1.099999999999909,2.0,1,2.0,half,0.0
2025-08-26,1100,DOWN,2025-08-26 11:10:00,3422.8,3430.6,3414.4000000000005,77.99999999999727,41.99999999999818,NO_TRADE,0.0,1,0.6410256410256634,0.6153846153846603,1,2.0,half,0.0
2025-08-27,1100,DOWN,2025-08-27 11:10:00,3436.5,3438.05,3431.9000000000005,15.500000000001819,22.99999999999727,LOSS,-0.6739130434784198,1,1.4838709677418787,1.225806451612818,1,2.0,half,0.0
2025-08-28,1100,DOWN,2025-08-28 11:30:00,3445.1,3447.1,3440.7000000000003,20.0,21.99999999999818,LOSS,-0.9090909090909842,5,1.2999999999999545,1.349999999999909,1,2.0,half,0.0
2025-08-29,1100,DOWN,2025-08-29 11:10:00,3471.4,3472.8999999999996,3468.2000000000003,14.999999999995453,15.99999999999909,LOSS,-0.9374999999997691,1,1.0666666666669293,1.2666666666671114,1,2.0,half,0.0
2025-09-01,1100,DOWN,2025-09-01 11:10:00,3506.9,3510.8500000000004,3499.1,39.50000000000273,39.00000000000091,LOSS,-1.0128205128205592,1,1.2151898734175686,0.2025316455696523,1,2.0,half,0.0
2025-09-02,1100,UP,2025-09-02 11:10:00,3558.9,3550.5,3568.100000000001,84.00000000000091,46.00000000000364,WIN,2.0,1,0.13095238095236872,1.1904761904761776,1,2.0,half,0.0
2025-09-03,1100,DOWN,2025-09-03 11:15:00,3597.2,3605.75,3582.2,85.50000000000182,78.99999999999636,LOSS,-1.082278481012731,2,1.1461988304093536,0.023391812865475304,1,2.0,half,0.0
2025-09-04,1100,DOWN,2025-09-04 11:15:00,3615.0,3619.4,3607.0,44.00000000000091,40.0,WIN,2.0,2,0.1818181818182194,2.7499999999999223,1,2.0,half,0.0
2025-09-05,1100,DOWN,2025-09-05 11:10:00,3609.8,3611.25,3604.4000000000005,14.499999999998181,26.99999999999818,LOSS,-0.5370370370370059,1,1.4482758620690845,0.7586206896555184,1,2.0,half,0.0
2025-09-08,1100,DOWN,2025-09-08 11:10:00,3629.3,3634.8,3616.5,55.0,64.00000000000091,LOSS,-0.8593749999999878,1,1.1999999999999835,0.7090909090909256,1,2.0,half,0.0
2025-09-09,1100,UP,2025-09-09 11:15:00,3683.5,3680.7,3692.3,28.00000000000182,44.00000000000091,WIN,2.0,2,0.8928571428570848,3.7142857142855057,1,2.0,half,0.0
2025-09-10,1100,DOWN,2025-09-10 11:25:00,3658.3,3662.7,3645.5,43.99999999999636,64.00000000000091,LOSS,-0.6874999999999334,4,1.6590909090909842,0.11363636363637303,1,2.0,half,0.0
2025-09-11,1100,UP,2025-09-11 11:20:00,3685.8,3682.7,3694.2000000000007,31.000000000003638,42.00000000000273,LOSS,-0.7380952380952768,3,1.3225806451612525,0.5806451612901664,1,2.0,half,0.0
2025-09-12,1100,UP,2025-09-12 11:10:00,3680.9,3676.45,3691.4999999999995,44.50000000000273,52.99999999999727,WIN,2.0,1,0.9438202247191045,2.561797752808852,1,2.0,half,0.0
2025-09-15,1100,UP,2025-09-15 11:50:00,3671.5,3668.15,3684.1000000000004,33.49999999999909,63.00000000000182,WIN,2.0,9,0.05970149253726076,3.8507462686568483,1,2.0,half,0.0
2025-09-16,1100,DOWN,2025-09-16 11:10:00,3718.6,3723.8999999999996,3703.6,52.99999999999727,95.99999999999909,LOSS,-0.5520833333333102,1,1.0000000000000857,1.3207547169812002,1,2.0,half,0.0
2025-09-17,1100,DOWN,2025-09-17 11:20:00,3725.0,3727.9,3721.3999999999996,29.00000000000091,18.00000000000182,WIN,2.0,3,0.4482758620690142,2.8275862068964,1,2.0,half,0.0
2025-09-19,1100,UP,2025-09-19 11:10:00,3681.4,3674.6499999999996,3691.2000000000003,67.50000000000455,49.00000000000091,LOSS,-1.3775510204082304,1,1.0518518518517674,0.32592592592587705,1,2.0,half,0.0
2025-09-22,1100,UP,2025-09-22 11:10:00,3730.2,3726.35,3740.8,38.49999999999909,53.00000000000182,LOSS,-0.7264150943395805,1,1.3506493506493353,0.5714285714286558,1,2.0,half,0.0
2025-09-23,1100,UP,2025-09-23 11:10:00,3789.9,3782.45,3800.1,74.50000000000273,50.99999999999909,LOSS,-1.4607843137255698,1,1.087248322147599,0.6979865771811581,1,2.0,half,0.0
2025-09-24,1100,DOWN,2025-09-24 11:20:00,3791.8,3796.7,3782.2000000000007,48.99999999999636,47.99999999999727,LOSS,-1.0208333333333155,3,1.06122448979596,1.8163265306123983,1,2.0,half,0.0
2025-09-25,1100,DOWN,2025-09-25 11:10:00,3772.4,3778.95,3762.2000000000003,65.49999999999727,50.99999999999909,WIN,2.0,1,0.9160305343511832,1.8473282442748722,1,2.0,half,0.0
2025-09-26,1100,DOWN,2025-09-26 11:10:00,3773.8,3779.05,3766.0,52.5,39.00000000000091,WIN,2.0,1,0.11428571428569696,1.7333333333334027,1,2.0,half,0.0
2025-09-29,1100,DOWN,2025-09-29 11:10:00,3805.5,3814.2,3791.5,86.99999999999818,70.0,LOSS,-1.242857142857117,1,1.2068965517241632,1.0459770114942644,1,2.0,half,0.0
2025-09-30,1100,UP,2025-09-30 11:20:00,3876.3,3869.75,3886.9000000000005,65.50000000000182,53.00000000000182,WIN,2.0,3,0.8702290076336052,1.709923664122062,1,2.0,half,0.0
2025-10-01,1100,UP,2025-10-01 11:15:00,3891.9,3888.8999999999996,3898.7000000000003,30.000000000004547,34.00000000000091,WIN,2.0,2,0.5999999999999697,2.299999999999682,1,2.0,half,0.0
2025-10-02,1100,UP,2025-10-02 11:10:00,3884.8,3879.0,3894.8,58.00000000000182,50.0,WIN,2.0,1,0.3103448275862285,1.758620689655086,1,2.0,half,0.0
2025-10-03,1100,DOWN,2025-10-03 11:15:00,3879.2,3881.7,3872.3999999999996,25.0,34.00000000000091,WIN,2.0,2,0.040000000000145516,3.319999999999891,1,2.0,half,0.0
2025-10-06,1100,UP,2025-10-06 11:10:00,3931.8,3926.7,3937.0,51.00000000000364,25.99999999999909,WIN,2.0,1,0.9803921568626751,1.196078431372446,1,2.0,half,0.0
2025-10-07,1100,DOWN,2025-10-07 11:30:00,3979.7,3983.95,3967.8999999999996,42.5,59.00000000000091,LOSS,-0.7203389830508363,5,1.2000000000000857,0.23529411764705882,1,2.0,half,0.0
2025-10-08,1100,UP,2025-10-08 11:25:00,4017.0,4011.3,4030.2,56.99999999999818,65.99999999999909,WIN,2.0,4,0.7017543859649347,2.3333333333334396,1,2.0,half,0.0
2025-10-10,1100,DOWN,2025-10-10 11:10:00,3999.9,4003.45,3988.4999999999995,35.49999999999727,57.00000000000273,WIN,2.0,1,0.02816901408448359,3.8591549295778385,1,2.0,half,0.0
2025-10-13,1100,UP,2025-10-13 11:30:00,4065.7,4058.3,4080.7,73.99999999999636,100.0,WIN,2.0,5,0.8108108108108507,2.500000000000123,1,2.0,half,0.0
2025-10-16,1100,UP,2025-10-16 11:10:00,4234.9,4228.1,4248.9,67.99999999999272,70.0,WIN,2.0,1,0.3970588235294275,2.147058823529695,1,2.0,half,0.0
2025-10-21,1100,DOWN,2025-10-21 11:10:00,4375.7,4384.049999999999,4360.7,83.49999999999454,116.99999999999818,WIN,2.0,1,0.263473053892211,2.203592814371358,1,2.0,half,0.0
2025-10-28,1100,UP,2025-10-28 11:10:00,4031.2,4023.7,4046.2,75.0,92.00000000000273,LOSS,-0.8152173913043237,1,1.2399999999999636,0.3066666666666909,1,2.0,half,0.0
2025-10-29,1100,DOWN,2025-10-29 11:25:00,3986.6,3989.8500000000004,3976.7999999999997,32.50000000000455,49.00000000000091,LOSS,-0.6632653061225294,4,1.2923076923075953,2.246153846153448,1,2.0,half,0.0
2025-10-30,1100,DOWN,2025-10-30 11:55:00,3960.3,3967.75,3945.3,74.49999999999818,125.0,WIN,2.0,10,0.0805369127516676,2.2818791946309283,1,2.0,half,0.0
2025-10-31,1100,UP,2025-10-31 11:10:00,4045.1,4035.15,4060.1,99.49999999999818,75.0,LOSS,-1.3266666666666425,1,1.0150753768844316,0.42211055276385423,1,2.0,half,0.0
2025-11-04,1100,DOWN,2025-11-04 11:30:00,3992.6,3998.3,3977.6,57.00000000000273,85.99999999999909,LOSS,-0.6627906976744573,5,1.2456140350876437,0.6666666666665869,1,2.0,half,0.0
2025-11-05,1100,UP,2025-11-05 11:20:00,3952.8,3949.1499999999996,3966.6000000000004,36.50000000000546,69.00000000000091,LOSS,-0.5289855072464489,3,2.2465753424654924,1.4794520547941996,1,2.0,half,0.0
2025-11-06,1100,DOWN,2025-11-06 11:10:00,3978.8,3983.55,3968.6000000000004,47.5,50.99999999999909,LOSS,-0.9313725490196244,1,1.1157894736841532,0.37894736842109095,1,2.0,half,0.0
2025-11-07,1100,UP,2025-11-07 11:10:00,4005.9,3997.75,4018.100000000001,81.50000000000091,61.00000000000364,LOSS,-1.336065573770427,1,1.1779141104294235,0.6503067484662169,1,2.0,half,0.0
2025-11-10,1100,UP,2025-11-10 11:10:00,4035.4,4029.65,4046.7999999999997,57.5,56.99999999999818,WIN,2.0,1,0.0,3.530434782608648,1,2.0,half,0.0
2025-11-11,1100,UP,2025-11-11 11:25:00,4143.6,4138.75,4156.6,48.50000000000364,65.0,LOSS,-0.7461538461539021,4,1.2577319587628673,0.7835051546389664,1,2.0,half,0.0
2025-11-12,1100,UP,2025-11-12 11:10:00,4140.6,4136.45,4154.4,41.50000000000546,68.99999999999636,LOSS,-0.6014492753624296,1,1.2771084337348158,0.024096385542034013,1,2.0,half,0.0
2025-11-14,1100,DOWN,2025-11-14 11:20:00,4179.0,4186.6,4164.0,76.00000000000364,114.00000000000546,LOSS,-0.6666666666666666,3,1.5789473684209772,0.3815789473683549,1,2.0,half,0.0
2025-11-17,1100,UP,2025-11-17 11:10:00,4095.4,4088.0,4110.4,74.00000000000091,86.00000000000364,LOSS,-0.860465116279044,1,1.175675675675698,0.013513513513501057,1,2.0,half,0.0
2025-11-18,1100,DOWN,2025-11-18 11:30:00,4034.7,4040.3,4019.7,56.00000000000364,87.99999999999727,WIN,2.0,5,0.6607142857142915,2.8571428571426716,1,2.0,half,0.0
2025-11-19,1100,DOWN,2025-11-19 11:35:00,4061.4,4067.1,4049.7999999999997,56.99999999999818,58.00000000000182,LOSS,-0.982758620689593,6,1.7017543859649347,0.912280701754463,1,2.0,half,0.0
2025-11-20,1100,DOWN,2025-11-20 11:10:00,4096.6,4103.55,4082.3999999999996,69.49999999999818,71.00000000000364,WIN,2.0,1,0.34532374100715096,2.2733812949641146,1,2.0,half,0.0
2025-11-21,1100,DOWN,2025-11-21 11:25:00,4061.7,4068.65,4046.7,69.50000000000273,96.99999999999818,LOSS,-0.7164948453608663,4,1.5539568345323393,0.23021582733810736,1,2.0,half,0.0
2025-11-25,1100,UP,2025-11-25 11:35:00,4172.0,4162.799999999999,4187.0,92.00000000000728,91.99999999999818,WIN,2.0,6,0.5978260869564744,1.8586956521738056,1,2.0,half,0.0
2025-11-26,1100,UP,2025-11-26 11:15:00,4179.1,4175.8,4189.9,33.00000000000182,53.99999999999636,WIN,2.0,2,0.4242424242425662,3.6666666666662993,1,2.0,half,0.0
2025-11-27,1100,DOWN,2025-11-27 11:10:00,4190.6,4196.299999999999,4184.200000000001,56.999999999989086,31.99999999999818,WIN,2.0,1,0.28070175438592293,1.280701754386242,1,2.0,half,0.0
2025-11-28,1100,UP,2025-11-28 11:40:00,4226.7,4219.0,4241.7,76.99999999999818,110.0,LOSS,-0.6999999999999834,7,1.363636363636396,0.025974025974002963,1,2.0,half,0.0
2025-12-03,1100,UP,2025-12-03 11:15:00,4250.1,4246.35,4264.299999999999,37.5,70.99999999999454,LOSS,-0.5281690140845476,2,1.360000000000097,0.26666666666666666,1,2.0,half,0.0
2025-12-04,1100,UP,2025-12-04 11:35:00,4244.6,4240.25,4259.6,43.50000000000364,75.0,LOSS,-0.5800000000000485,6,1.3333333333332635,0.5517241379309047,1,2.0,half,0.0
2025-12-05,1100,DOWN,2025-12-05 11:10:00,4227.1,4232.5,4217.9,53.99999999999636,46.00000000000364,LOSS,-1.173913043478089,1,1.0,0.5000000000001684,1,2.0,half,0.0
2025-12-08,1100,DOWN,2025-12-08 11:55:00,4229.6,4235.5,4214.6,58.99999999999636,116.00000000000364,LOSS,-0.5086206896551251,10,1.1694915254237392,0.4406779661017837,1,2.0,half,0.0
2025-12-09,1100,DOWN,2025-12-09 12:30:00,4216.1,4221.799999999999,4201.1,56.999999999989086,81.99999999999818,LOSS,-0.6951219512193945,17,1.1052631578948209,0.19298245614045165,1,2.0,half,0.0
2025-12-10,1100,UP,2025-12-10 11:10:00,4243.5,4237.35,4251.300000000001,61.49999999999636,39.00000000000546,LOSS,-1.576923076922763,1,1.1056910569106642,0.6991869918699897,1,2.0,half,0.0
2025-12-11,1100,DOWN,2025-12-11 12:05:00,4264.9,4271.4,4249.9,65.0,125.99999999999454,WIN,2.0,12,0.015384615384671353,2.5384615384615383,1,2.0,half,0.0
2025-12-12,1100,UP,2025-12-12 11:10:00,4305.0,4299.7,4317.0,53.00000000000182,60.0,LOSS,-0.8833333333333636,1,1.4339622641509628,0.3773584905660248,1,2.0,half,0.0
2025-12-15,1100,UP,2025-12-15 11:25:00,4346.9,4342.15,4361.9,47.5,93.00000000000182,WIN,2.0,4,0.10526315789473684,3.1578947368421053,1,2.0,half,0.0
2025-12-16,1100,UP,2025-12-16 11:25:00,4339.0,4333.4,4351.4,56.00000000000364,61.99999999999818,LOSS,-0.903225806451698,4,1.2857142857141697,1.1249999999999594,1,2.0,half,0.0
2025-12-17,1100,UP,2025-12-17 11:10:00,4346.3,4342.4,4357.100000000001,39.00000000000546,54.00000000000546,LOSS,-0.7222222222222503,1,1.20512820512799,0.43589743589732827,1,2.0,half,0.0
2025-12-18,1100,DOWN,2025-12-18 11:15:00,4359.3,4365.200000000001,4344.3,59.00000000000546,81.99999999999818,LOSS,-0.7195121951220337,2,1.169491525423559,0.6949152542372855,1,2.0,half,0.0
2025-12-19,1100,DOWN,2025-12-19 11:20:00,4346.0,4353.0,4331.0,70.0,90.0,LOSS,-0.7777777777777778,3,1.3142857142856883,1.3857142857142597,1,2.0,half,0.0
2025-12-22,1100,DOWN,2025-12-22 11:10:00,4394.6,4400.7,4379.6,60.99999999999454,80.0,LOSS,-0.7624999999999318,1,1.1803278688525347,0.45901639344269385,1,2.0,half,0.0
2025-12-30,1100,UP,2025-12-30 11:15:00,4356.1,4348.5,4371.1,76.00000000000364,136.00000000000364,LOSS,-0.5588235294117765,2,1.2894736842104886,0.17105263157884346,1,2.0,half,0.0
2025-12-31,1100,UP,2025-12-31 11:10:00,4365.1,4355.450000000001,4380.1,96.49999999999636,136.99999999999818,WIN,2.0,1,0.44559585492231546,1.6787564766839822,1,2.0,half,0.0
2026-01-02,1100,DOWN,2026-01-02 11:10:00,4359.6,4364.8,4344.6,51.99999999999818,90.0,LOSS,-0.5777777777777575,1,1.0,0.3269230769232283,1,2.0,half,0.0
2026-01-06,1100,UP,2026-01-06 11:10:00,4452.2,4444.35,4467.2,78.49999999999454,136.99999999999818,LOSS,-0.5729927007298948,1,1.031847133757964,0.3312101910828719,1,2.0,half,0.0
2026-01-08,1100,UP,2026-01-08 11:10:00,4466.1,4458.15,4481.1,79.50000000000728,110.99999999999454,LOSS,-0.7162162162163169,1,1.4465408805030122,0.3773584905660032,1,2.0,half,0.0
2026-01-09,1100,DOWN,2026-01-09 11:15:00,4462.5,4471.45,4447.5,89.49999999999818,78.99999999999636,LOSS,-1.1329113924050924,2,1.1396648044692765,0.0670391061452934,1,2.0,half,0.0
