orb,sl_mode,buffer_ticks,rr,confirm,trades,win_rate,total_r,avg_r
0030,half,0.0,1.5,2,317,0.2953020134228188,13.0,0.029082774049217
0030,half,2.0,1.0,1,447,0.4769874476987448,9.0,0.01882845188284519
0030,half,0.0,1.5,1,424,0.3498964803312629,-1.5,-0.003105590062111801
0030,half,5.0,1.5,1,403,0.3333333333333333,-5.5,-0.011530398322851153
0030,half,10.0,1.5,1,372,0.3093220338983051,-7.0,-0.014830508474576272
0030,half,2.0,1.5,1,415,0.3389121338912134,-10.0,-0.02092050209205021
0030,full,20.0,1.5,2,203,0.19395465994962216,-10.5,-0.02644836272040302
0030,full,10.0,1.5,2,203,0.19395465994962216,-10.5,-0.02644836272040302
0030,full,5.0,1.5,2,203,0.19395465994962216,-10.5,-0.02644836272040302
0030,full,0.0,1.5,2,203,0.19395465994962216,-10.5,-0.02644836272040302
0030,full,15.0,1.5,2,203,0.19395465994962216,-10.5,-0.02644836272040302
0030,half,20.0,1.5,1,326,0.2709677419354839,-11.0,-0.023655913978494623
0030,half,0.0,2.0,1,404,0.2712215320910973,-11.0,-0.022774327122153208
0030,half,20.0,1.5,2,226,0.2014218009478673,-13.5,-0.031990521327014215
0030,half,5.0,1.5,2,286,0.24829157175398633,-13.5,-0.030751708428246014
0030,full,20.0,1.5,1,294,0.2557077625570776,-14.0,-0.0319634703196347
0030,full,0.0,1.5,1,294,0.2557077625570776,-14.0,-0.0319634703196347
0030,full,5.0,1.5,1,294,0.2557077625570776,-14.0,-0.0319634703196347
0030,full,10.0,1.5,1,294,0.2557077625570776,-14.0,-0.0319634703196347
0030,full,15.0,1.5,1,294,0.2557077625570776,-14.0,-0.0319634703196347
0030,half,10.0,1.5,2,256,0.22170900692840648,-16.0,-0.03695150115473441
0030,half,15.0,1.5,2,242,0.2112676056338028,-17.0,-0.03990610328638498
0030,half,15.0,1.5,1,340,0.27253218884120173,-22.5,-0.048283261802575105
0030,half,0.0,2.0,2,290,0.19686800894854586,-26.0,-0.058165548098434
0030,half,5.0,2.0,2,264,0.1776765375854214,-30.0,-0.0683371298405467
0030,half,10.0,2.0,2,230,0.15242494226327943,-32.0,-0.07390300230946882
0030,full,20.0,2.0,2,174,0.11586901763224182,-36.0,-0.0906801007556675
0030,full,0.0,2.0,2,174,0.11586901763224182,-36.0,-0.0906801007556675
0030,half,15.0,2.0,2,213,0.13849765258215962,-36.0,-0.08450704225352113
0030,full,10.0,2.0,2,174,0.11586901763224182,-36.0,-0.0906801007556675
0030,full,5.0,2.0,2,174,0.11586901763224182,-36.0,-0.0906801007556675
0030,full,15.0,2.0,2,174,0.11586901763224182,-36.0,-0.0906801007556675
0030,full,20.0,2.0,1,265,0.1735159817351598,-37.0,-0.08447488584474885
0030,full,5.0,2.0,1,265,0.1735159817351598,-37.0,-0.08447488584474885
0030,full,15.0,2.0,1,265,0.1735159817351598,-37.0,-0.08447488584474885
0030,full,10.0,2.0,1,265,0.1735159817351598,-37.0,-0.08447488584474885
0030,full,0.0,2.0,1,265,0.1735159817351598,-37.0,-0.08447488584474885
0030,half,20.0,2.0,1,295,0.18494623655913978,-37.0,-0.07956989247311828
0030,half,2.0,2.0,1,386,0.2405857740585774,-41.0,-0.08577405857740586
0030,half,20.0,2.0,2,194,0.12085308056872038,-41.0,-0.0971563981042654
0030,half,5.0,2.0,1,368,0.22641509433962265,-44.0,-0.09224318658280922
0030,half,15.0,2.0,1,311,0.1888412017167382,-47.0,-0.10085836909871244
0030,full,20.0,2.5,1,250,0.1324200913242009,-47.0,-0.10730593607305935
0030,full,5.0,2.5,1,250,0.1324200913242009,-47.0,-0.10730593607305935
0030,full,15.0,2.5,1,250,0.1324200913242009,-47.0,-0.10730593607305935
0030,full,0.0,2.5,1,250,0.1324200913242009,-47.0,-0.10730593607305935
0030,full,10.0,2.5,1,250,0.1324200913242009,-47.0,-0.10730593607305935
0030,half,10.0,2.0,1,339,0.2055084745762712,-48.0,-0.1016949152542373
0030,half,20.0,2.5,1,277,0.13763440860215054,-53.0,-0.11397849462365592
0030,half,0.0,2.5,2,270,0.13646532438478748,-56.5,-0.12639821029082773
0030,half,15.0,2.5,1,295,0.1459227467811159,-57.0,-0.1223175965665236
0030,half,10.0,2.5,2,208,0.09930715935334873,-57.5,-0.13279445727482678
0030,full,0.0,2.5,2,157,0.07052896725440806,-59.0,-0.1486146095717884
0030,full,15.0,2.5,2,157,0.07052896725440806,-59.0,-0.1486146095717884
0030,full,5.0,2.5,2,157,0.07052896725440806,-59.0,-0.1486146095717884
0030,full,10.0,2.5,2,157,0.07052896725440806,-59.0,-0.1486146095717884
0030,full,20.0,2.5,2,157,0.07052896725440806,-59.0,-0.1486146095717884
0030,half,15.0,2.5,2,192,0.0892018779342723,-59.0,-0.13849765258215962
0030,half,20.0,2.5,2,177,0.07819905213270142,-61.5,-0.1457345971563981
0030,half,0.0,2.5,1,378,0.18633540372670807,-63.0,-0.13043478260869565
0030,half,5.0,2.5,2,235,0.10933940774487472,-67.0,-0.15261958997722094
0030,full,5.0,3.0,2,150,0.05037783375314862,-70.0,-0.17632241813602015
0030,full,15.0,3.0,2,150,0.05037783375314862,-70.0,-0.17632241813602015
0030,full,20.0,3.0,2,150,0.05037783375314862,-70.0,-0.17632241813602015
0030,full,0.0,3.0,2,150,0.05037783375314862,-70.0,-0.17632241813602015
0030,full,10.0,3.0,2,150,0.05037783375314862,-70.0,-0.17632241813602015
0030,half,5.0,3.0,2,227,0.0888382687927107,-71.0,-0.16173120728929385
0030,half,5.0,2.5,1,345,0.16352201257861634,-72.0,-0.1509433962264151
0030,full,20.0,3.0,1,233,0.091324200913242,-73.0,-0.16666666666666666
0030,full,0.0,3.0,1,233,0.091324200913242,-73.0,-0.16666666666666666
0030,full,5.0,3.0,1,233,0.091324200913242,-73.0,-0.16666666666666666
0030,full,10.0,3.0,1,233,0.091324200913242,-73.0,-0.16666666666666666
0030,full,15.0,3.0,1,233,0.091324200913242,-73.0,-0.16666666666666666
0030,half,10.0,2.5,1,316,0.1461864406779661,-74.5,-0.15783898305084745
0030,half,10.0,3.0,2,196,0.06928406466512702,-76.0,-0.17551963048498845
0030,half,20.0,3.0,1,259,0.0967741935483871,-79.0,-0.16989247311827957
0030,half,5.0,3.0,1,335,0.13417190775681342,-79.0,-0.16561844863731656
0030,half,20.0,3.0,2,167,0.052132701421800945,-79.0,-0.1872037914691943
0030,half,10.0,3.0,1,304,0.11864406779661017,-80.0,-0.1694915254237288
0030,half,15.0,3.0,2,181,0.05868544600938967,-81.0,-0.19014084507042253
0030,half,0.0,3.0,1,362,0.14492753623188406,-82.0,-0.16977225672877846
0030,half,0.0,3.0,2,252,0.09395973154362416,-84.0,-0.18791946308724833
0030,half,15.0,3.0,1,275,0.09871244635193133,-91.0,-0.19527896995708155
0900,half,10.0,1.5,2,478,0.3942505133470226,2.0,0.004106776180698152
0900,half,5.0,2.5,2,478,0.2790224032586558,1.5,0.003054989816700611
0900,half,5.0,1.5,2,483,0.3910386965376782,-3.0,-0.006109979633401222
0900,half,5.0,2.0,2,481,0.32382892057026474,-4.0,-0.008146639511201629
0900,half,5.0,3.0,2,477,0.24032586558044808,-5.0,-0.010183299389002037
0900,half,10.0,2.0,2,472,0.3182751540041068,-7.0,-0.014373716632443531
0900,half,10.0,3.0,2,467,0.23408624229979466,-11.0,-0.022587268993839837
0900,half,15.0,1.5,2,474,0.38144329896907214,-11.5,-0.023711340206185566
0900,half,15.0,2.0,2,467,0.311340206185567,-14.0,-0.0288659793814433
0900,half,10.0,2.5,2,469,0.2669404517453799,-14.0,-0.028747433264887063
0900,half,15.0,3.0,2,463,0.2309278350515464,-15.0,-0.030927835051546393
0900,half,15.0,2.5,2,465,0.2639175257731959,-17.0,-0.03505154639175258
0900,half,20.0,1.5,2,466,0.37447698744769875,-18.5,-0.038702928870292884
0900,full,15.0,1.5,2,455,0.3741935483870968,-20.0,-0.043010752688172046
0900,full,5.0,1.5,2,455,0.3741935483870968,-20.0,-0.043010752688172046
0900,full,10.0,1.5,2,455,0.3741935483870968,-20.0,-0.043010752688172046
0900,full,20.0,1.5,2,455,0.3741935483870968,-20.0,-0.043010752688172046
0900,full,0.0,1.5,2,455,0.3741935483870968,-20.0,-0.043010752688172046
0900,half,0.0,3.0,2,485,0.23434343434343435,-21.0,-0.04242424242424243
0900,half,0.0,2.0,2,488,0.31313131313131315,-23.0,-0.046464646464646465
0900,half,20.0,2.5,2,457,0.2594142259414226,-23.0,-0.04811715481171548
0900,half,20.0,3.0,2,455,0.22594142259414227,-23.0,-0.04811715481171548
0900,half,20.0,2.0,2,459,0.303347280334728,-24.0,-0.0502092050209205
0900,half,0.0,1.5,2,489,0.37575757575757573,-24.0,-0.048484848484848485
0900,full,0.0,2.5,2,446,0.25806451612903225,-26.0,-0.05591397849462366
0900,full,5.0,2.5,2,446,0.25806451612903225,-26.0,-0.05591397849462366
0900,full,10.0,2.5,2,446,0.25806451612903225,-26.0,-0.05591397849462366
0900,full,20.0,2.5,2,446,0.25806451612903225,-26.0,-0.05591397849462366
0900,full,15.0,2.5,2,446,0.25806451612903225,-26.0,-0.05591397849462366
0900,full,0.0,2.0,2,447,0.3010752688172043,-27.0,-0.05806451612903226
0900,full,5.0,2.0,2,447,0.3010752688172043,-27.0,-0.05806451612903226
0900,full,10.0,2.0,2,447,0.3010752688172043,-27.0,-0.05806451612903226
0900,full,20.0,2.0,2,447,0.3010752688172043,-27.0,-0.05806451612903226
0900,full,15.0,2.0,2,447,0.3010752688172043,-27.0,-0.05806451612903226
0900,full,20.0,3.0,2,444,0.22365591397849463,-28.0,-0.060215053763440864
0900,full,0.0,3.0,2,444,0.22365591397849463,-28.0,-0.060215053763440864
0900,full,5.0,3.0,2,444,0.22365591397849463,-28.0,-0.060215053763440864
0900,full,15.0,3.0,2,444,0.22365591397849463,-28.0,-0.060215053763440864
0900,full,10.0,3.0,2,444,0.22365591397849463,-28.0,-0.060215053763440864
0900,half,0.0,1.5,1,498,0.37250996015936255,-30.5,-0.060756972111553786
0900,half,2.0,1.0,1,496,0.462,-34.0,-0.068
0900,half,15.0,3.0,1,476,0.2231237322515213,-36.0,-0.07302231237322515
0900,half,15.0,2.5,1,478,0.25557809330628806,-37.0,-0.07505070993914807
0900,half,0.0,2.5,2,485,0.2585858585858586,-37.0,-0.07474747474747474
0900,half,0.0,2.0,1,498,0.3047808764940239,-39.0,-0.07768924302788845
0900,half,20.0,3.0,1,475,0.2210953346855984,-39.0,-0.07910750507099391
0900,half,15.0,1.5,1,485,0.359026369168357,-42.5,-0.08620689655172414
0900,half,2.0,2.0,1,496,0.302,-43.0,-0.086
0900,half,10.0,3.0,1,480,0.2202020202020202,-44.0,-0.08888888888888889
0900,half,20.0,1.5,1,484,0.35496957403651114,-46.5,-0.09432048681541583
0900,half,20.0,2.5,1,477,0.24949290060851928,-46.5,-0.09432048681541583
0900,full,0.0,3.0,1,459,0.21548117154811716,-47.0,-0.09832635983263599
0900,full,10.0,3.0,1,459,0.21548117154811716,-47.0,-0.09832635983263599
0900,full,20.0,3.0,1,459,0.21548117154811716,-47.0,-0.09832635983263599
0900,full,15.0,3.0,1,459,0.21548117154811716,-47.0,-0.09832635983263599
0900,full,5.0,3.0,1,459,0.21548117154811716,-47.0,-0.09832635983263599
0900,half,5.0,3.0,1,489,0.22088353413654618,-49.0,-0.09839357429718876
0900,half,10.0,2.5,1,483,0.2505050505050505,-49.0,-0.09898989898989899
0900,half,10.0,1.5,1,489,0.35555555555555557,-49.0,-0.09898989898989899
0900,half,5.0,1.5,1,493,0.35542168674698793,-50.5,-0.10140562248995984
0900,half,0.0,2.5,1,495,0.250996015936255,-54.0,-0.10756972111553785
0900,full,5.0,1.5,1,467,0.34518828451882844,-54.5,-0.11401673640167365
0900,full,10.0,1.5,1,467,0.34518828451882844,-54.5,-0.11401673640167365
0900,full,15.0,1.5,1,467,0.34518828451882844,-54.5,-0.11401673640167365
0900,full,0.0,1.5,1,467,0.34518828451882844,-54.5,-0.11401673640167365
0900,full,20.0,1.5,1,467,0.34518828451882844,-54.5,-0.11401673640167365
0900,full,20.0,2.5,1,461,0.24267782426778242,-55.0,-0.11506276150627615
0900,full,15.0,2.5,1,461,0.24267782426778242,-55.0,-0.11506276150627615
0900,full,10.0,2.5,1,461,0.24267782426778242,-55.0,-0.11506276150627615
0900,full,5.0,2.5,1,461,0.24267782426778242,-55.0,-0.11506276150627615
0900,full,0.0,2.5,1,461,0.24267782426778242,-55.0,-0.11506276150627615
0900,half,15.0,2.0,1,481,0.28600405679513186,-58.0,-0.11764705882352941
0900,half,5.0,2.5,1,489,0.2469879518072289,-58.5,-0.11746987951807229
0900,half,0.0,3.0,1,495,0.21713147410358566,-59.0,-0.11752988047808766
0900,half,5.0,2.0,1,491,0.28714859437751006,-62.0,-0.12449799196787148
0900,half,20.0,2.0,1,479,0.2799188640973631,-65.0,-0.13184584178498987
0900,full,5.0,2.0,1,463,0.27615062761506276,-67.0,-0.1401673640167364
0900,full,10.0,2.0,1,463,0.27615062761506276,-67.0,-0.1401673640167364
0900,full,0.0,2.0,1,463,0.27615062761506276,-67.0,-0.1401673640167364
0900,full,20.0,2.0,1,463,0.27615062761506276,-67.0,-0.1401673640167364
0900,full,15.0,2.0,1,463,0.27615062761506276,-67.0,-0.1401673640167364
0900,half,2.0,1.5,1,496,0.342,-68.5,-0.137
0900,half,10.0,2.0,1,484,0.2787878787878788,-70.0,-0.1414141414141414
1000,full,5.0,3.0,2,449,0.2771855010660981,71.0,0.1513859275053305
1000,full,20.0,3.0,2,449,0.2771855010660981,71.0,0.1513859275053305
1000,full,15.0,3.0,2,449,0.2771855010660981,71.0,0.1513859275053305
1000,full,0.0,3.0,2,449,0.2771855010660981,71.0,0.1513859275053305
1000,full,10.0,3.0,2,449,0.2771855010660981,71.0,0.1513859275053305
1000,half,20.0,3.0,2,462,0.2732919254658385,66.0,0.13664596273291926
1000,half,0.0,3.0,2,489,0.2751004016064257,59.0,0.11847389558232932
1000,half,10.0,3.0,2,470,0.2693877551020408,58.0,0.11836734693877551
1000,half,15.0,3.0,2,467,0.26899383983572894,57.0,0.11704312114989733
1000,half,0.0,2.5,2,491,0.3112449799196787,51.5,0.10341365461847389
1000,half,2.0,1.5,1,506,0.43984220907297833,51.5,0.10157790927021697
1000,half,5.0,3.0,2,477,0.26774847870182555,51.0,0.10344827586206896
1000,half,0.0,1.5,1,510,0.4372549019607843,47.5,0.09313725490196079
1000,half,0.0,2.0,1,509,0.3627450980392157,46.0,0.09019607843137255
1000,half,10.0,3.0,1,494,0.2648221343873518,42.0,0.08300395256916997
1000,full,10.0,2.5,2,452,0.29850746268656714,38.0,0.08102345415778252
1000,half,20.0,3.0,1,490,0.2619047619047619,38.0,0.07539682539682539
1000,half,5.0,3.0,1,498,0.26429980276134124,38.0,0.07495069033530571
1000,full,0.0,2.5,2,452,0.29850746268656714,38.0,0.08102345415778252
1000,full,20.0,2.5,2,452,0.29850746268656714,38.0,0.08102345415778252
1000,full,5.0,2.5,2,452,0.29850746268656714,38.0,0.08102345415778252
1000,full,15.0,2.5,2,452,0.29850746268656714,38.0,0.08102345415778252
1000,half,0.0,2.0,2,497,0.357429718875502,37.0,0.07429718875502007
1000,full,5.0,3.0,1,472,0.26239669421487605,36.0,0.0743801652892562
1000,full,0.0,3.0,1,472,0.26239669421487605,36.0,0.0743801652892562
1000,full,15.0,3.0,1,472,0.26239669421487605,36.0,0.0743801652892562
1000,full,20.0,3.0,1,472,0.26239669421487605,36.0,0.0743801652892562
1000,full,10.0,3.0,1,472,0.26239669421487605,36.0,0.0743801652892562
1000,half,5.0,1.5,1,506,0.4260355029585799,34.0,0.0670611439842209
1000,half,0.0,3.0,1,506,0.2647058823529412,34.0,0.06666666666666667
1000,half,15.0,2.5,2,471,0.29568788501026694,33.0,0.06776180698151951
1000,half,15.0,3.0,1,491,0.25992063492063494,33.0,0.06547619047619048
1000,half,10.0,2.5,2,475,0.29591836734693877,32.5,0.0663265306122449
1000,half,20.0,2.5,2,465,0.2939958592132505,32.0,0.06625258799171843
1000,half,0.0,1.5,2,498,0.42570281124497994,32.0,0.0642570281124498
1000,half,0.0,2.5,1,507,0.30196078431372547,32.0,0.06274509803921569
1000,half,2.0,2.0,1,505,0.3530571992110454,32.0,0.0631163708086785
1000,half,2.0,1.0,1,506,0.5285996055226825,30.0,0.05917159763313609
1000,half,5.0,2.5,2,481,0.2961460446247465,30.0,0.060851926977687626
1000,half,10.0,1.5,1,505,0.4189723320158103,25.0,0.04940711462450593
1000,half,10.0,1.5,2,488,0.41836734693877553,24.5,0.05
1000,half,20.0,1.5,2,478,0.4161490683229814,24.5,0.050724637681159424
1000,half,15.0,1.5,2,484,0.41683778234086244,23.5,0.048254620123203286
1000,half,5.0,2.0,2,484,0.34279918864097364,23.0,0.04665314401622718
1000,full,5.0,1.5,2,465,0.4157782515991471,22.5,0.04797441364605544
1000,full,0.0,1.5,2,465,0.4157782515991471,22.5,0.04797441364605544
1000,full,10.0,1.5,2,465,0.4157782515991471,22.5,0.04797441364605544
1000,full,20.0,1.5,2,465,0.4157782515991471,22.5,0.04797441364605544
1000,full,15.0,1.5,2,465,0.4157782515991471,22.5,0.04797441364605544
1000,half,5.0,2.0,1,503,0.34516765285996054,22.0,0.04339250493096647
1000,full,0.0,2.5,1,476,0.29338842975206614,21.0,0.04338842975206612
1000,full,5.0,2.5,1,476,0.29338842975206614,21.0,0.04338842975206612
1000,full,20.0,2.5,1,476,0.29338842975206614,21.0,0.04338842975206612
1000,full,10.0,2.5,1,476,0.29338842975206614,21.0,0.04338842975206612
1000,full,15.0,2.5,1,476,0.29338842975206614,21.0,0.04338842975206612
1000,half,20.0,2.5,1,494,0.2916666666666667,20.5,0.040674603174603176
1000,half,5.0,1.5,2,492,0.41379310344827586,18.0,0.036511156186612576
1000,half,10.0,2.0,2,480,0.33877551020408164,18.0,0.036734693877551024
1000,half,20.0,2.0,1,495,0.3392857142857143,18.0,0.03571428571428571
1000,half,15.0,2.0,1,498,0.3412698412698413,18.0,0.03571428571428571
1000,full,20.0,2.0,2,457,0.3368869936034115,17.0,0.03624733475479744
1000,full,5.0,2.0,2,457,0.3368869936034115,17.0,0.03624733475479744
1000,full,0.0,2.0,2,457,0.3368869936034115,17.0,0.03624733475479744
1000,full,15.0,2.0,2,457,0.3368869936034115,17.0,0.03624733475479744
1000,full,10.0,2.0,2,457,0.3368869936034115,17.0,0.03624733475479744
1000,half,15.0,2.0,2,475,0.33675564681724846,17.0,0.03490759753593429
1000,half,10.0,2.0,1,502,0.34189723320158105,17.0,0.03359683794466403
1000,half,10.0,2.5,1,498,0.29051383399209485,16.5,0.03260869565217391
1000,full,10.0,2.0,1,477,0.33884297520661155,15.0,0.030991735537190084
1000,full,0.0,2.0,1,477,0.33884297520661155,15.0,0.030991735537190084
1000,full,20.0,2.0,1,477,0.33884297520661155,15.0,0.030991735537190084
1000,full,15.0,2.0,1,477,0.33884297520661155,15.0,0.030991735537190084
1000,full,5.0,2.0,1,477,0.33884297520661155,15.0,0.030991735537190084
1000,half,5.0,2.5,1,502,0.28994082840236685,12.5,0.02465483234714004
1000,half,15.0,2.5,1,495,0.2876984126984127,12.5,0.0248015873015873
1000,full,5.0,1.5,1,482,0.40702479338842973,10.5,0.02169421487603306
1000,full,0.0,1.5,1,482,0.40702479338842973,10.5,0.02169421487603306
1000,full,10.0,1.5,1,482,0.40702479338842973,10.5,0.02169421487603306
1000,full,20.0,1.5,1,482,0.40702479338842973,10.5,0.02169421487603306
1000,full,15.0,1.5,1,482,0.40702479338842973,10.5,0.02169421487603306
1000,half,20.0,2.0,2,470,0.33126293995859213,10.0,0.020703933747412008
1000,half,15.0,1.5,1,502,0.40476190476190477,8.0,0.015873015873015872
1000,half,20.0,1.5,1,500,0.4027777777777778,7.5,0.01488095238095238
1100,half,0.0,3.0,1,463,0.241869918699187,13.0,0.026422764227642278
1100,half,0.0,2.0,1,475,0.32723577235772355,8.0,0.016260162601626018
1100,half,2.0,2.0,1,470,0.32179226069246436,4.0,0.008146639511201629
1100,half,2.0,1.0,1,485,0.49287169042769857,-1.0,-0.002036659877800407
1100,half,0.0,1.5,1,483,0.3902439024390244,-3.0,-0.006097560975609756
1100,half,0.0,3.0,2,431,0.226215644820296,-3.0,-0.006342494714587738
1100,half,2.0,1.5,1,480,0.3869653767820774,-5.0,-0.010183299389002037
1100,half,5.0,1.5,1,470,0.3803680981595092,-5.0,-0.010224948875255624
1100,half,10.0,1.5,1,461,0.3760330578512397,-6.0,-0.012396694214876033
1100,half,10.0,2.0,1,446,0.29958677685950413,-11.0,-0.022727272727272728
1100,half,0.0,2.5,1,466,0.2621951219512195,-14.5,-0.029471544715447155
1100,half,15.0,2.0,1,430,0.28991596638655465,-16.0,-0.03361344537815126
1100,half,10.0,2.0,2,399,0.27973568281938327,-18.0,-0.039647577092511016
1100,half,5.0,2.5,1,452,0.25357873210633947,-18.0,-0.03680981595092025
1100,half,5.0,2.0,1,460,0.3006134969325153,-19.0,-0.03885480572597137
1100,half,15.0,2.0,2,384,0.2743764172335601,-21.0,-0.047619047619047616
1100,half,5.0,2.5,2,413,0.24034334763948498,-21.0,-0.045064377682403435
1100,half,10.0,2.5,2,386,0.2290748898678414,-22.0,-0.048458149779735685
1100,half,10.0,2.5,1,432,0.24173553719008264,-22.5,-0.04648760330578512
1100,half,15.0,1.5,1,443,0.35294117647058826,-23.0,-0.04831932773109244
1100,half,5.0,3.0,1,439,0.21267893660531698,-23.0,-0.04703476482617587
1100,half,15.0,2.5,1,416,0.23529411764705882,-24.0,-0.05042016806722689
1100,half,20.0,2.0,1,422,0.2802547770700637,-26.0,-0.055201698513800426
1100,half,20.0,2.0,2,370,0.26450116009280744,-28.0,-0.06496519721577726
1100,full,15.0,2.0,2,344,0.25862068965517243,-29.0,-0.07142857142857142
1100,full,0.0,2.0,1,389,0.2745995423340961,-29.0,-0.06636155606407322
1100,full,10.0,2.0,2,344,0.25862068965517243,-29.0,-0.07142857142857142
1100,full,10.0,2.0,1,389,0.2745995423340961,-29.0,-0.06636155606407322
1100,full,20.0,2.0,1,389,0.2745995423340961,-29.0,-0.06636155606407322
1100,full,15.0,2.0,1,389,0.2745995423340961,-29.0,-0.06636155606407322
1100,full,0.0,2.0,2,344,0.25862068965517243,-29.0,-0.07142857142857142
1100,full,5.0,2.0,2,344,0.25862068965517243,-29.0,-0.07142857142857142
1100,full,20.0,2.0,2,344,0.25862068965517243,-29.0,-0.07142857142857142
1100,full,5.0,2.0,1,389,0.2745995423340961,-29.0,-0.06636155606407322
1100,half,20.0,1.5,1,435,0.34394904458598724,-30.0,-0.06369426751592357
1100,half,0.0,2.5,2,437,0.2452431289640592,-31.0,-0.06553911205073996
1100,half,5.0,3.0,2,402,0.19742489270386265,-34.0,-0.07296137339055794
1100,half,10.0,1.5,2,415,0.33480176211453744,-35.0,-0.07709251101321586
1100,full,0.0,1.5,1,401,0.3340961098398169,-36.0,-0.08237986270022883
1100,full,15.0,1.5,1,401,0.3340961098398169,-36.0,-0.08237986270022883
1100,full,10.0,1.5,1,401,0.3340961098398169,-36.0,-0.08237986270022883
1100,full,5.0,1.5,1,401,0.3340961098398169,-36.0,-0.08237986270022883
1100,half,20.0,2.5,1,407,0.22505307855626328,-36.0,-0.07643312101910828
1100,full,20.0,1.5,1,401,0.3340961098398169,-36.0,-0.08237986270022883
1100,half,15.0,2.5,2,366,0.21315192743764172,-37.0,-0.08390022675736962
1100,half,15.0,1.5,2,398,0.32653061224489793,-38.0,-0.08616780045351474
1100,half,10.0,3.0,2,371,0.1828193832599119,-39.0,-0.08590308370044053
1100,half,0.0,2.0,2,447,0.28752642706131076,-39.0,-0.0824524312896406
1100,half,20.0,1.5,2,385,0.31786542923433875,-42.5,-0.09860788863109049
1100,full,10.0,1.5,2,360,0.312807881773399,-42.5,-0.10467980295566502
1100,full,0.0,1.5,2,360,0.312807881773399,-42.5,-0.10467980295566502
1100,full,15.0,1.5,2,360,0.312807881773399,-42.5,-0.10467980295566502
1100,full,5.0,1.5,2,360,0.312807881773399,-42.5,-0.10467980295566502
1100,full,20.0,1.5,2,360,0.312807881773399,-42.5,-0.10467980295566502
1100,half,15.0,3.0,1,404,0.18907563025210083,-44.0,-0.09243697478991597
1100,full,5.0,2.5,1,374,0.2151029748283753,-45.0,-0.10297482837528604
1100,full,0.0,2.5,1,374,0.2151029748283753,-45.0,-0.10297482837528604
1100,full,10.0,2.5,1,374,0.2151029748283753,-45.0,-0.10297482837528604
1100,full,20.0,2.5,1,374,0.2151029748283753,-45.0,-0.10297482837528604
1100,full,15.0,2.5,1,374,0.2151029748283753,-45.0,-0.10297482837528604
1100,half,0.0,1.5,2,451,0.34249471458773784,-46.0,-0.09725158562367865
1100,full,0.0,2.5,2,327,0.19704433497536947,-47.0,-0.11576354679802955
1100,full,10.0,2.5,2,327,0.19704433497536947,-47.0,-0.11576354679802955
1100,half,10.0,3.0,1,419,0.1921487603305785,-47.0,-0.09710743801652892
1100,full,5.0,2.5,2,327,0.19704433497536947,-47.0,-0.11576354679802955
1100,full,15.0,2.5,2,327,0.19704433497536947,-47.0,-0.11576354679802955
1100,full,20.0,2.5,2,327,0.19704433497536947,-47.0,-0.11576354679802955
1100,half,5.0,2.0,2,420,0.26609442060085836,-48.0,-0.10300429184549356
1100,half,20.0,2.5,2,351,0.19953596287703015,-50.0,-0.11600928074245939
1100,half,5.0,1.5,2,434,0.3283261802575107,-51.5,-0.11051502145922747
1100,half,15.0,3.0,2,354,0.17006802721088435,-54.0,-0.12244897959183673
1100,half,20.0,3.0,1,394,0.18046709129511676,-54.0,-0.11464968152866242
1100,full,5.0,3.0,2,316,0.15517241379310345,-64.0,-0.15763546798029557
1100,full,10.0,3.0,2,316,0.15517241379310345,-64.0,-0.15763546798029557
1100,full,0.0,3.0,2,316,0.15517241379310345,-64.0,-0.15763546798029557
1100,half,20.0,3.0,2,340,0.16009280742459397,-64.0,-0.14849187935034802
1100,full,15.0,3.0,2,316,0.15517241379310345,-64.0,-0.15763546798029557
1100,full,20.0,3.0,2,316,0.15517241379310345,-64.0,-0.15763546798029557
1100,full,0.0,3.0,1,362,0.16933638443935928,-66.0,-0.15102974828375287
1100,full,5.0,3.0,1,362,0.16933638443935928,-66.0,-0.15102974828375287
1100,full,10.0,3.0,1,362,0.16933638443935928,-66.0,-0.15102974828375287
1100,full,20.0,3.0,1,362,0.16933638443935928,-66.0,-0.15102974828375287
1100,full,15.0,3.0,1,362,0.16933638443935928,-66.0,-0.15102974828375287
1800,half,0.0,2.0,1,504,0.3700787401574803,60.0,0.11811023622047244
1800,half,2.0,2.0,1,501,0.3641732283464567,54.0,0.1062992125984252
1800,half,0.0,1.5,1,505,0.4389763779527559,52.5,0.10334645669291338
1800,half,2.0,1.0,1,506,0.5433070866141733,46.0,0.09055118110236221
1800,half,2.0,1.5,1,504,0.4271653543307087,38.5,0.07578740157480315
1800,half,0.0,2.5,1,495,0.2952755905511811,30.0,0.05905511811023622
1800,half,5.0,1.5,1,502,0.41420118343195267,23.0,0.045364891518737675
1800,half,10.0,1.5,1,495,0.40674603174603174,17.5,0.034722222222222224
1800,half,10.0,2.0,1,484,0.32936507936507936,14.0,0.027777777777777776
1800,half,15.0,1.5,1,488,0.39641434262948205,9.5,0.018924302788844622
1800,half,15.0,2.0,1,478,0.32270916334661354,8.0,0.01593625498007968
1800,half,0.0,3.0,1,488,0.2440944881889764,8.0,0.015748031496062992
1800,full,20.0,1.5,1,476,0.3910386965376782,4.0,0.008146639511201629
1800,full,10.0,1.5,1,476,0.3910386965376782,4.0,0.008146639511201629
1800,full,5.0,1.5,1,476,0.3910386965376782,4.0,0.008146639511201629
1800,full,0.0,1.5,1,476,0.3910386965376782,4.0,0.008146639511201629
1800,full,15.0,1.5,1,476,0.3910386965376782,4.0,0.008146639511201629
1800,half,20.0,1.5,1,486,0.392,4.0,0.008
1800,half,10.0,2.5,1,472,0.2698412698412698,4.0,0.007936507936507936
1800,half,5.0,2.0,1,494,0.3234714003944773,-2.0,-0.0039447731755424065
1800,half,20.0,2.0,1,473,0.314,-2.0,-0.004
1800,full,10.0,2.0,1,462,0.31160896130346233,-3.0,-0.006109979633401222
1800,full,15.0,2.0,1,462,0.31160896130346233,-3.0,-0.006109979633401222
1800,full,20.0,2.0,1,462,0.31160896130346233,-3.0,-0.006109979633401222
1800,full,0.0,2.0,1,462,0.31160896130346233,-3.0,-0.006109979633401222
1800,full,5.0,2.0,1,462,0.31160896130346233,-3.0,-0.006109979633401222
1800,half,15.0,2.5,1,465,0.26095617529880477,-6.5,-0.012948207171314742
1800,half,5.0,2.5,1,484,0.2682445759368836,-8.0,-0.015779092702169626
1800,half,5.0,3.0,1,474,0.22879684418145957,-10.0,-0.01972386587771203
1800,half,0.0,1.5,2,489,0.3812375249500998,-11.5,-0.022954091816367265
1800,half,0.0,2.5,2,475,0.2634730538922156,-13.0,-0.02594810379241517
1800,half,15.0,2.0,2,445,0.29243353783231085,-16.0,-0.032719836400818
1800,half,20.0,2.0,2,442,0.2889344262295082,-19.0,-0.0389344262295082
1800,half,20.0,2.5,1,461,0.252,-20.0,-0.04
1800,full,15.0,2.0,2,433,0.28541666666666665,-22.0,-0.04583333333333333
1800,full,0.0,2.0,2,433,0.28541666666666665,-22.0,-0.04583333333333333
1800,full,20.0,2.0,2,433,0.28541666666666665,-22.0,-0.04583333333333333
1800,full,10.0,2.0,2,433,0.28541666666666665,-22.0,-0.04583333333333333
1800,full,5.0,2.0,2,433,0.28541666666666665,-22.0,-0.04583333333333333
1800,half,20.0,1.5,2,458,0.35655737704918034,-23.0,-0.0471311475409836
1800,full,10.0,2.5,1,450,0.2484725050916497,-23.0,-0.04684317718940937
1800,full,0.0,1.5,2,448,0.3541666666666667,-23.0,-0.04791666666666667
1800,full,5.0,1.5,2,448,0.3541666666666667,-23.0,-0.04791666666666667
1800,full,20.0,2.5,1,450,0.2484725050916497,-23.0,-0.04684317718940937
1800,full,20.0,1.5,2,448,0.3541666666666667,-23.0,-0.04791666666666667
1800,full,0.0,2.5,1,450,0.2484725050916497,-23.0,-0.04684317718940937
1800,full,5.0,2.5,1,450,0.2484725050916497,-23.0,-0.04684317718940937
1800,full,15.0,1.5,2,448,0.3541666666666667,-23.0,-0.04791666666666667
1800,full,15.0,2.5,1,450,0.2484725050916497,-23.0,-0.04684317718940937
1800,full,10.0,1.5,2,448,0.3541666666666667,-23.0,-0.04791666666666667
1800,half,0.0,3.0,2,464,0.21956087824351297,-24.0,-0.04790419161676647
1800,half,15.0,1.5,2,460,0.3558282208588957,-25.0,-0.05112474437627812
1800,half,10.0,2.0,2,454,0.2874493927125506,-28.0,-0.05668016194331984
1800,half,0.0,2.0,2,480,0.2994011976047904,-30.0,-0.059880239520958084
1800,half,10.0,3.0,1,459,0.2123015873015873,-31.0,-0.061507936507936505
1800,half,10.0,1.5,2,469,0.354251012145749,-31.5,-0.06376518218623482
1800,half,5.0,1.5,2,477,0.3548387096774194,-37.0,-0.07459677419354839
1800,half,15.0,3.0,1,451,0.2051792828685259,-39.0,-0.07768924302788845
1800,half,20.0,3.0,1,448,0.204,-40.0,-0.08
1800,half,5.0,2.0,2,466,0.2842741935483871,-43.0,-0.08669354838709678
1800,half,5.0,2.5,2,455,0.23588709677419356,-45.5,-0.09173387096774194
1800,full,20.0,3.0,1,436,0.1975560081466395,-48.0,-0.09775967413441955
1800,full,15.0,3.0,1,436,0.1975560081466395,-48.0,-0.09775967413441955
1800,full,0.0,3.0,1,436,0.1975560081466395,-48.0,-0.09775967413441955
1800,full,10.0,3.0,1,436,0.1975560081466395,-48.0,-0.09775967413441955
1800,full,5.0,3.0,1,436,0.1975560081466395,-48.0,-0.09775967413441955
1800,half,15.0,2.5,2,428,0.22085889570552147,-50.0,-0.10224948875255624
1800,half,20.0,2.5,2,425,0.21721311475409835,-54.0,-0.11065573770491803
1800,full,5.0,2.5,2,415,0.21458333333333332,-54.5,-0.11354166666666667
1800,full,20.0,2.5,2,415,0.21458333333333332,-54.5,-0.11354166666666667
1800,full,0.0,2.5,2,415,0.21458333333333332,-54.5,-0.11354166666666667
1800,full,15.0,2.5,2,415,0.21458333333333332,-54.5,-0.11354166666666667
1800,full,10.0,2.5,2,415,0.21458333333333332,-54.5,-0.11354166666666667
1800,half,10.0,2.5,2,439,0.22064777327935223,-57.5,-0.11639676113360324
1800,half,5.0,3.0,2,446,0.1935483870967742,-62.0,-0.125
1800,half,15.0,3.0,2,416,0.17586912065439672,-72.0,-0.147239263803681
1800,half,10.0,3.0,2,428,0.18016194331983806,-72.0,-0.145748987854251
1800,half,20.0,3.0,2,412,0.17008196721311475,-80.0,-0.16393442622950818
1800,full,15.0,3.0,2,401,0.16458333333333333,-85.0,-0.17708333333333334
1800,full,5.0,3.0,2,401,0.16458333333333333,-85.0,-0.17708333333333334
1800,full,0.0,3.0,2,401,0.16458333333333333,-85.0,-0.17708333333333334
1800,full,10.0,3.0,2,401,0.16458333333333333,-85.0,-0.17708333333333334
1800,full,20.0,3.0,2,401,0.16458333333333333,-85.0,-0.17708333333333334
2300,full,10.0,1.5,1,392,0.34,-9.5,-0.021111111111111112
2300,full,5.0,1.5,1,392,0.34,-9.5,-0.021111111111111112
2300,full,20.0,1.5,1,392,0.34,-9.5,-0.021111111111111112
2300,full,0.0,1.5,1,392,0.34,-9.5,-0.021111111111111112
2300,full,15.0,1.5,1,392,0.34,-9.5,-0.021111111111111112
2300,half,20.0,1.5,1,423,0.34518828451882844,-10.5,-0.021966527196652718
2300,half,15.0,1.5,1,434,0.33747412008281574,-26.5,-0.054865424430641824
2300,half,0.0,1.5,2,404,0.31512605042016806,-29.0,-0.06092436974789916
2300,half,20.0,1.5,2,328,0.27419354838709675,-30.5,-0.07027649769585254
2300,half,5.0,1.5,2,379,0.29637526652452023,-31.5,-0.06716417910447761
2300,full,0.0,1.5,2,304,0.2684729064039409,-31.5,-0.07758620689655173
2300,full,10.0,1.5,2,304,0.2684729064039409,-31.5,-0.07758620689655173
2300,full,20.0,1.5,2,304,0.2684729064039409,-31.5,-0.07758620689655173
2300,full,15.0,1.5,2,304,0.2684729064039409,-31.5,-0.07758620689655173
2300,full,5.0,1.5,2,304,0.2684729064039409,-31.5,-0.07758620689655173
2300,half,15.0,1.5,2,337,0.2671081677704194,-34.5,-0.076158940397351
2300,half,10.0,1.5,2,356,0.2807017543859649,-36.0,-0.07894736842105263
2300,half,2.0,2.0,1,462,0.2862903225806452,-36.0,-0.07258064516129033
2300,half,10.0,1.5,1,453,0.3394683026584867,-38.0,-0.07770961145194274
2300,half,5.0,1.5,1,464,0.34279918864097364,-41.5,-0.08417849898580122
2300,half,2.0,1.0,1,486,0.4475806451612903,-42.0,-0.0846774193548387
2300,half,0.0,2.0,1,467,0.2842741935483871,-44.0,-0.08870967741935484
2300,half,5.0,2.0,1,446,0.2718052738336714,-44.0,-0.08924949290060852
2300,half,2.0,1.5,1,474,0.34475806451612906,-46.5,-0.09375
2300,full,0.0,2.0,1,350,0.2222222222222222,-50.0,-0.1111111111111111
2300,full,10.0,2.0,1,350,0.2222222222222222,-50.0,-0.1111111111111111
2300,full,5.0,2.0,1,350,0.2222222222222222,-50.0,-0.1111111111111111
2300,full,15.0,2.0,1,350,0.2222222222222222,-50.0,-0.1111111111111111
2300,full,20.0,2.0,1,350,0.2222222222222222,-50.0,-0.1111111111111111
2300,half,5.0,2.5,1,429,0.21906693711967545,-51.0,-0.10344827586206896
2300,half,15.0,2.0,1,400,0.2401656314699793,-52.0,-0.10766045548654245
2300,half,5.0,2.0,2,350,0.21108742004264391,-53.0,-0.11300639658848614
2300,half,0.0,2.0,2,378,0.226890756302521,-54.0,-0.1134453781512605
2300,half,20.0,2.0,1,381,0.2280334728033473,-54.0,-0.11297071129707113
2300,half,15.0,2.0,2,314,0.18984547461368653,-56.0,-0.12362030905077263
2300,half,10.0,2.0,1,426,0.25153374233128833,-57.0,-0.1165644171779141
2300,half,10.0,2.0,2,330,0.19956140350877194,-57.0,-0.125
2300,half,0.0,1.5,1,476,0.33669354838709675,-58.5,-0.11794354838709678
2300,full,15.0,2.0,2,274,0.1724137931034483,-64.0,-0.15763546798029557
2300,full,20.0,2.0,2,274,0.1724137931034483,-64.0,-0.15763546798029557
2300,full,10.0,2.0,2,274,0.1724137931034483,-64.0,-0.15763546798029557
2300,full,5.0,2.0,2,274,0.1724137931034483,-64.0,-0.15763546798029557
2300,full,0.0,2.0,2,274,0.1724137931034483,-64.0,-0.15763546798029557
2300,half,20.0,2.0,2,297,0.1774193548387097,-66.0,-0.15207373271889402
2300,half,10.0,2.5,1,406,0.19427402862985685,-73.5,-0.15030674846625766
2300,half,0.0,3.0,1,437,0.1814516129032258,-77.0,-0.15524193548387097
2300,half,10.0,2.5,2,309,0.14473684210526316,-78.0,-0.17105263157894737
2300,half,0.0,2.5,1,446,0.21169354838709678,-78.5,-0.15826612903225806
2300,half,15.0,2.5,2,290,0.13245033112582782,-80.0,-0.17660044150110377
2300,half,5.0,3.0,1,410,0.1663286004056795,-82.0,-0.1663286004056795
2300,half,15.0,2.5,1,374,0.17184265010351968,-83.5,-0.17287784679089027
2300,full,0.0,2.5,2,252,0.11822660098522167,-84.0,-0.20689655172413793
2300,full,5.0,2.5,2,252,0.11822660098522167,-84.0,-0.20689655172413793
2300,full,20.0,2.5,2,252,0.11822660098522167,-84.0,-0.20689655172413793
2300,full,15.0,2.5,2,252,0.11822660098522167,-84.0,-0.20689655172413793
2300,full,10.0,2.5,2,252,0.11822660098522167,-84.0,-0.20689655172413793
2300,half,20.0,2.5,2,274,0.12442396313364056,-85.0,-0.195852534562212
2300,half,20.0,2.5,1,355,0.16108786610878661,-85.5,-0.1788702928870293
2300,half,0.0,2.5,2,360,0.1638655462184874,-87.0,-0.18277310924369747
2300,full,15.0,2.5,1,325,0.14888888888888888,-90.5,-0.2011111111111111
2300,full,20.0,2.5,1,325,0.14888888888888888,-90.5,-0.2011111111111111
2300,half,5.0,2.5,2,332,0.14712153518123666,-90.5,-0.1929637526652452
2300,full,10.0,2.5,1,325,0.14888888888888888,-90.5,-0.2011111111111111
2300,full,5.0,2.5,1,325,0.14888888888888888,-90.5,-0.2011111111111111
2300,full,0.0,2.5,1,325,0.14888888888888888,-90.5,-0.2011111111111111
2300,half,10.0,3.0,1,387,0.15132924335378323,-91.0,-0.18609406952965235
2300,half,5.0,3.0,2,319,0.11940298507462686,-95.0,-0.2025586353944563
2300,half,15.0,3.0,1,359,0.13457556935817805,-99.0,-0.20496894409937888
2300,full,15.0,3.0,2,240,0.08620689655172414,-100.0,-0.24630541871921183
2300,full,20.0,3.0,2,240,0.08620689655172414,-100.0,-0.24630541871921183
2300,full,5.0,3.0,2,240,0.08620689655172414,-100.0,-0.24630541871921183
2300,full,10.0,3.0,2,240,0.08620689655172414,-100.0,-0.24630541871921183
2300,full,0.0,3.0,2,240,0.08620689655172414,-100.0,-0.24630541871921183
2300,full,10.0,3.0,1,313,0.11777777777777777,-101.0,-0.22444444444444445
2300,full,0.0,3.0,1,313,0.11777777777777777,-101.0,-0.22444444444444445
2300,full,5.0,3.0,1,313,0.11777777777777777,-101.0,-0.22444444444444445
2300,full,15.0,3.0,1,313,0.11777777777777777,-101.0,-0.22444444444444445
2300,half,10.0,3.0,2,293,0.10526315789473684,-101.0,-0.22149122807017543
2300,full,20.0,3.0,1,313,0.11777777777777777,-101.0,-0.22444444444444445
2300,half,15.0,3.0,2,274,0.09492273730684327,-102.0,-0.2251655629139073
2300,half,20.0,3.0,2,260,0.08986175115207373,-104.0,-0.23963133640552994
2300,half,20.0,3.0,1,338,0.1192468619246862,-110.0,-0.2301255230125523
2300,half,0.0,3.0,2,344,0.12184873949579832,-112.0,-0.23529411764705882
